/*!40101 SET @OLD_CHARACTER_SET_CLIENT=@@CHARACTER_SET_CLIENT */;
/*!40101 SET @OLD_CHARACTER_SET_RESULTS=@@CHARACTER_SET_RESULTS */;
/*!40101 SET @OLD_COLLATION_CONNECTION=@@COLLATION_CONNECTION */;
/*!40101 SET NAMES utf8mb4 */;
/*!40014 SET @OLD_UNIQUE_CHECKS=@@UNIQUE_CHECKS, UNIQUE_CHECKS=0 */;
/*!40014 SET @OLD_FOREIGN_KEY_CHECKS=@@FOREIGN_KEY_CHECKS, FOREIGN_KEY_CHECKS=0 */;
/*!40101 SET @OLD_SQL_MODE=@@SQL_MODE, SQL_MODE='NO_AUTO_VALUE_ON_ZERO' */;
/*!40111 SET @OLD_SQL_NOTES=@@SQL_NOTES, SQL_NOTES=0 */;

INSERT INTO `books` (`id`, `title`, `author`, `blurb`, `page_count`, `year`, `image`, `created_at`, `updated_at`, `genre_id`, `claimed_by_name`) VALUES
(1, 'Defense of the Realm', 'Denna Bottjer', 'Contusion of unspecified ring finger with damage to nail, sequela', 1257, 2012, 'http://dummyimage.com/189x100.png/5fa2dd/ffffff', NULL, '2024-01-11 14:28:14', 4, 'Timi');
INSERT INTO `books` (`id`, `title`, `author`, `blurb`, `page_count`, `year`, `image`, `created_at`, `updated_at`, `genre_id`, `claimed_by_name`) VALUES
(2, 'All Is Lost', 'Cam Yokley', 'Minor laceration of unspecified innominate or subclavian artery', 2706, 1993, 'http://dummyimage.com/201x100.png/5fa2dd/ffffff', NULL, '2024-01-11 14:17:48', 4, NULL);
INSERT INTO `books` (`id`, `title`, `author`, `blurb`, `page_count`, `year`, `image`, `created_at`, `updated_at`, `genre_id`, `claimed_by_name`) VALUES
(3, 'Crossroads', 'Quintin Dancer', 'Secondary sideroblastic anemia due to disease', 558, 2008, 'http://dummyimage.com/233x100.png/dddddd/000000', NULL, NULL, 3, NULL);
INSERT INTO `books` (`id`, `title`, `author`, `blurb`, `page_count`, `year`, `image`, `created_at`, `updated_at`, `genre_id`, `claimed_by_name`) VALUES
(4, 'Skin Deep', 'Garland Bester', 'Contracture, right elbow', 2292, 2010, 'http://dummyimage.com/191x100.png/5fa2dd/ffffff', NULL, NULL, 1, NULL),
(5, 'It\'s a Boy Girl Thing', 'Erhart Nind', 'Contusion of unspecified ring finger with damage to nail, sequela', 1538, 2004, 'http://dummyimage.com/246x100.png/ff4444/ffffff', NULL, NULL, 4, NULL),
(6, 'North West Frontier', 'Tiffi Bydaway', 'Other infectious mononucleosis with polyneuropathy', 1865, 1993, 'http://dummyimage.com/185x100.png/cc0000/ffffff', NULL, NULL, 2, NULL),
(7, 'MacGyver: Lost Treasure of Atlantis', 'Serena Straw', 'Occupant of animal-drawn vehicle injured in collision with other animal-drawn vehicle, initial encounter', 1956, 2008, 'http://dummyimage.com/181x100.png/cc0000/ffffff', NULL, NULL, 4, NULL),
(8, 'Pretty in Pink', 'Davide Beaby', 'Laceration of other specified muscles, fascia and tendons at wrist and hand level', 2673, 1998, 'http://dummyimage.com/203x100.png/cc0000/ffffff', NULL, NULL, 2, NULL),
(9, 'Hadewijch', 'Tammy Elwel', 'Other specified injury of femoral artery, unspecified leg', 1570, 1993, 'http://dummyimage.com/131x100.png/ff4444/ffffff', NULL, NULL, 4, NULL),
(10, 'Cold Prey (Fritt Vilt)', 'Franzen Churm', 'Unspecified reduction defect of left lower limb', 642, 2007, 'http://dummyimage.com/210x100.png/cc0000/ffffff', NULL, NULL, 3, NULL),
(11, 'Big Bang Love, Juvenile A (46-okunen no koi)', 'Corey Lampert', 'Displaced comminuted fracture of shaft of radius, left arm, initial encounter for open fracture type I or II', 2462, 2001, 'http://dummyimage.com/191x100.png/ff4444/ffffff', NULL, NULL, 4, NULL),
(12, 'Outbreak', 'Nettle Roman', 'Toxoplasmosis with other organ involvement', 2971, 2011, 'http://dummyimage.com/119x100.png/dddddd/000000', NULL, NULL, 4, NULL),
(13, 'Oliver & Company', 'Andrej Benardeau', 'Poisoning by propionic acid derivatives, assault, initial encounter', 2991, 2009, 'http://dummyimage.com/243x100.png/ff4444/ffffff', NULL, NULL, 4, NULL),
(14, 'Horse Rebellion, The (Pulakapina)', 'Farrel Dye', 'Puncture wound without foreign body of unspecified lesser toe(s) without damage to nail', 989, 2012, 'http://dummyimage.com/145x100.png/ff4444/ffffff', NULL, NULL, 2, NULL),
(15, 'Faces of Death 3', 'Rosana Binns', 'Toxic effect of ethanol, intentional self-harm, subsequent encounter', 330, 2006, 'http://dummyimage.com/175x100.png/dddddd/000000', NULL, NULL, 2, NULL),
(16, 'Seventh Horse of the Sun  (Suraj Ka Satvan Ghoda)', 'Sanderson Corish', 'Toxic effect of venom of bees, intentional self-harm, sequela', 1384, 2007, 'http://dummyimage.com/122x100.png/cc0000/ffffff', NULL, NULL, 1, NULL),
(17, 'Little Ashes', 'Zorine Worwood', 'Keratoconjunctivitis sicca, not specified as Sjogren\'s, bilateral', 2073, 1999, 'http://dummyimage.com/173x100.png/5fa2dd/ffffff', NULL, NULL, 4, NULL),
(18, 'Men Without Women', 'Orrin Follett', 'Laceration of muscle, fascia and tendon of abdomen', 793, 1986, 'http://dummyimage.com/104x100.png/5fa2dd/ffffff', NULL, NULL, 2, NULL),
(19, 'Angus, Thongs and Perfect Snogging', 'Sileas Jevons', 'Postprocedural hematoma of an endocrine system organ or structure following an endocrine system procedure', 2991, 2003, 'http://dummyimage.com/195x100.png/ff4444/ffffff', NULL, NULL, 1, NULL),
(20, 'An Evening with Robin Williams', 'Gussie Worms', 'Rheumatoid polyneuropathy with rheumatoid arthritis of left hand', 1127, 1986, 'http://dummyimage.com/101x100.png/dddddd/000000', NULL, NULL, 1, NULL),
(21, 'Night in the Life of Jimmy Reardon, A', 'Michaelina Caulton', 'Intentional self-harm by drowning and submersion in natural water', 1298, 1993, 'http://dummyimage.com/148x100.png/ff4444/ffffff', NULL, NULL, 2, NULL),
(22, 'Storm Warning', 'Beth Juggins', 'Opera house as the place of occurrence of the external cause', 844, 2005, 'http://dummyimage.com/109x100.png/dddddd/000000', NULL, NULL, 2, NULL),
(23, 'Goal! III', 'Richardo Godball', 'Age-related osteoporosis with current pathological fracture, unspecified femur, subsequent encounter for fracture with malunion', 2210, 1993, 'http://dummyimage.com/231x100.png/cc0000/ffffff', NULL, NULL, 3, NULL),
(24, 'Bonsái', 'Verge Duffin', 'Unspecified injury of dorsal artery of left foot, sequela', 2132, 1999, 'http://dummyimage.com/237x100.png/cc0000/ffffff', NULL, NULL, 2, NULL),
(25, 'Gangs of New York', 'Cello Itscovitz', 'Unspecified injury of dorsal vein of unspecified foot, initial encounter', 568, 1991, 'http://dummyimage.com/139x100.png/dddddd/000000', NULL, NULL, 4, NULL),
(26, 'Donner Party, The', 'Boothe Poston', 'Age-related osteoporosis with current pathological fracture, left hand, sequela', 409, 2011, 'http://dummyimage.com/250x100.png/ff4444/ffffff', NULL, NULL, 1, NULL),
(27, 'Prisoner of the Mountains (Kavkazsky plennik)', 'Page Rozzier', 'Other specified retinal disorders', 1892, 1993, 'http://dummyimage.com/250x100.png/cc0000/ffffff', NULL, NULL, 1, NULL),
(28, 'Faraway, So Close (In weiter Ferne, so nah!)', 'Grant Cobley', 'Unspecified injury of other intra-abdominal organs, initial encounter', 709, 1993, 'http://dummyimage.com/137x100.png/ff4444/ffffff', NULL, NULL, 3, NULL),
(29, 'What Just Happened', 'Fifine Spurier', 'Poisoning by amphetamines, intentional self-harm, subsequent encounter', 1813, 2006, 'http://dummyimage.com/125x100.png/5fa2dd/ffffff', NULL, NULL, 3, NULL),
(30, 'Noises Off...', 'Mord Kinchlea', 'Nondisplaced fracture of cuboid bone of unspecified foot, subsequent encounter for fracture with malunion', 2244, 1997, 'http://dummyimage.com/103x100.png/dddddd/000000', NULL, NULL, 4, NULL),
(31, 'White Man\'s Burden', 'Koralle Kirsop', 'Type 1 diabetes mellitus with proliferative diabetic retinopathy without macular edema, bilateral', 1716, 2005, 'http://dummyimage.com/104x100.png/cc0000/ffffff', NULL, NULL, 4, NULL),
(32, 'A Fight For', 'Delbert Gueinn', 'Other injury of flexor muscle, fascia and tendon of left middle finger at wrist and hand level, subsequent encounter', 1517, 1992, 'http://dummyimage.com/143x100.png/5fa2dd/ffffff', NULL, NULL, 1, NULL),
(33, 'Page of Madness, A (Kurutta ippêji)', 'Eric Kettlewell', 'Spermatocele of epididymis, unspecified', 925, 2010, 'http://dummyimage.com/179x100.png/ff4444/ffffff', NULL, NULL, 1, NULL),
(34, 'Unfinished Business', 'Galvin Eames', 'Nondisplaced spiral fracture of shaft of radius, unspecified arm, subsequent encounter for open fracture type I or II with malunion', 1655, 2006, 'http://dummyimage.com/152x100.png/dddddd/000000', NULL, NULL, 3, NULL),
(35, 'My Kid Could Paint That', 'Emelyne Ortas', 'Attic perforation of tympanic membrane, left ear', 2070, 1995, 'http://dummyimage.com/214x100.png/cc0000/ffffff', NULL, NULL, 1, NULL),
(36, 'Sweet November', 'Kasey Warn', 'Dislocation of L2/L3 lumbar vertebra, subsequent encounter', 1842, 2007, 'http://dummyimage.com/180x100.png/5fa2dd/ffffff', NULL, NULL, 3, NULL),
(37, 'I Woke Up Early the Day I Died', 'Tiertza Ericsson', 'Sprain of deltoid ligament of unspecified ankle, subsequent encounter', 310, 2008, 'http://dummyimage.com/180x100.png/ff4444/ffffff', NULL, NULL, 2, NULL),
(38, 'Her Alibi', 'Waylan Aishford', 'Anterior dislocation of proximal end of tibia, left knee', 1373, 1996, 'http://dummyimage.com/216x100.png/5fa2dd/ffffff', NULL, NULL, 2, NULL),
(39, 'Crouching Tiger, Hidden Dragon (Wo hu cang long)', 'Margaux Lighten', 'Bladder disorders in diseases classified elsewhere', 1738, 2004, 'http://dummyimage.com/122x100.png/dddddd/000000', NULL, NULL, 3, NULL),
(40, 'Vizontele Tuuba', 'Thomasin Labern', 'Nondisplaced bicondylar fracture of unspecified tibia, subsequent encounter for closed fracture with malunion', 1667, 2007, 'http://dummyimage.com/227x100.png/ff4444/ffffff', NULL, NULL, 4, NULL),
(41, 'Rent-a-Kid', 'Preston Youthed', 'Unspecified superficial injuries of left back wall of thorax, sequela', 2653, 2001, 'http://dummyimage.com/185x100.png/dddddd/000000', NULL, NULL, 1, NULL),
(42, 'Rough Magic', 'Agosto Richemond', 'Moderate laceration of liver, initial encounter', 497, 2003, 'http://dummyimage.com/146x100.png/cc0000/ffffff', NULL, NULL, 4, NULL),
(43, 'Pokémon 3: The Movie', 'Briney Seaward', 'Other specified disorders of bone density and structure, forearm', 2730, 2002, 'http://dummyimage.com/205x100.png/dddddd/000000', NULL, NULL, 4, NULL),
(44, 'Associate, The', 'Bruce Zuanelli', 'Pathological fracture in other disease, right ankle, subsequent encounter for fracture with delayed healing', 590, 2002, 'http://dummyimage.com/104x100.png/ff4444/ffffff', NULL, NULL, 1, NULL),
(45, 'Hansel & Gretel', 'Nonah Sheraton', 'Strain of muscle and tendon of long flexor muscle of toe at ankle and foot level, right foot', 2261, 1990, 'http://dummyimage.com/102x100.png/dddddd/000000', NULL, NULL, 1, NULL),
(46, 'Coming Home (Gui lai)', 'Bronson Goard', 'Displaced fracture of medial phalanx of left little finger, subsequent encounter for fracture with nonunion', 954, 2007, 'http://dummyimage.com/113x100.png/cc0000/ffffff', NULL, NULL, 1, NULL),
(47, 'Six of a Kind', 'Nesta Allport', 'Poisoning by immunoglobulin, accidental (unintentional)', 2109, 1998, 'http://dummyimage.com/179x100.png/ff4444/ffffff', NULL, NULL, 4, NULL),
(48, 'Buttcrack', 'Creight Lindermann', 'Major laceration of celiac artery, initial encounter', 2391, 2000, 'http://dummyimage.com/170x100.png/5fa2dd/ffffff', NULL, NULL, 2, NULL),
(49, 'Necessary Roughness', 'Michael Stanlike', 'Inferior subluxation of right humerus, sequela', 1092, 2012, 'http://dummyimage.com/226x100.png/ff4444/ffffff', NULL, NULL, 3, NULL),
(50, 'Something of Value', 'Lamond Abbess', 'Puncture wound with foreign body of lip, subsequent encounter', 689, 1993, 'http://dummyimage.com/106x100.png/dddddd/000000', NULL, NULL, 4, NULL),
(51, 'Eyewitness (Janitor, The)', 'Maxie Benedito', 'Contusion of right great toe with damage to nail, sequela', 1136, 2011, 'http://dummyimage.com/150x100.png/ff4444/ffffff', NULL, NULL, 2, NULL),
(52, 'New Kids Turbo', 'Valene Dandie', 'Acute erythroid leukemia, in relapse', 2268, 1999, 'http://dummyimage.com/185x100.png/dddddd/000000', NULL, NULL, 3, NULL),
(53, 'I Don\'t Want to Be a Man (Ich möchte kein Mann sein)', 'Torrance Lyard', 'Irregular astigmatism, unspecified eye', 2910, 1994, 'http://dummyimage.com/148x100.png/cc0000/ffffff', NULL, NULL, 2, NULL),
(54, 'Letters to God', 'Rip Ensten', 'Displaced intertrochanteric fracture of unspecified femur, subsequent encounter for closed fracture with routine healing', 841, 2006, 'http://dummyimage.com/163x100.png/dddddd/000000', NULL, NULL, 4, NULL),
(55, 'Bill Burr: I\'m Sorry You Feel That Way', 'Cyrillus Schiefersten', 'Unspecified bus occupant injured in collision with other motor vehicles in nontraffic accident, subsequent encounter', 1207, 1970, 'http://dummyimage.com/109x100.png/dddddd/000000', NULL, NULL, 1, NULL),
(56, 'Death Before Dishonor', 'Darbee Fisby', 'Rheumatoid lung disease with rheumatoid arthritis of right shoulder', 886, 1995, 'http://dummyimage.com/228x100.png/ff4444/ffffff', NULL, NULL, 1, NULL),
(57, 'Sleepless Night (Nuit blanche)', 'Silvain Vize', 'Chronic petrositis, right ear', 946, 2009, 'http://dummyimage.com/188x100.png/5fa2dd/ffffff', NULL, NULL, 1, NULL),
(58, 'Bank Job, The', 'Xymenes Fowden', 'Other cysts of jaw', 930, 2009, 'http://dummyimage.com/159x100.png/5fa2dd/ffffff', NULL, NULL, 3, NULL),
(59, 'Orchestra Wives', 'Idaline Mathwen', 'Other osteoporosis with current pathological fracture, unspecified ankle and foot, subsequent encounter for fracture with malunion', 1078, 1998, 'http://dummyimage.com/148x100.png/dddddd/000000', NULL, NULL, 2, NULL),
(60, 'Chill', 'Eadmund Yegorchenkov', 'Coxa magna, left hip', 410, 2012, 'http://dummyimage.com/190x100.png/dddddd/000000', NULL, NULL, 2, NULL),
(61, 'End of Days', 'Clementine Bacchus', 'Displaced oblique fracture of shaft of left fibula, initial encounter for open fracture type I or II', 1144, 1989, 'http://dummyimage.com/175x100.png/dddddd/000000', NULL, NULL, 1, NULL),
(62, 'The Adventures of Tartu', 'Lev Blue', 'Subluxation of T7/T8 thoracic vertebra, initial encounter', 1859, 2004, 'http://dummyimage.com/135x100.png/ff4444/ffffff', NULL, NULL, 4, NULL),
(63, 'Locals, The', 'Lynsey Meigh', 'Abrasion of right ring finger', 1890, 2000, 'http://dummyimage.com/193x100.png/dddddd/000000', NULL, NULL, 4, NULL),
(64, 'Bird on a Wire', 'Jethro MacAindreis', 'Staphylococcal scalded skin syndrome', 1156, 1988, 'http://dummyimage.com/105x100.png/ff4444/ffffff', NULL, NULL, 2, NULL),
(65, 'Addams Family, The', 'Giralda Pidwell', 'Poisoning by, adverse effect of and underdosing of other opioids', 1570, 2011, 'http://dummyimage.com/202x100.png/ff4444/ffffff', NULL, NULL, 3, NULL),
(66, 'Villain, The (Ek Villain)', 'Zuzana Clemenzi', 'Nondisplaced fracture of body of hamate [unciform] bone, left wrist, subsequent encounter for fracture with nonunion', 1751, 1994, 'http://dummyimage.com/103x100.png/cc0000/ffffff', NULL, NULL, 1, NULL),
(67, 'Modern Problems', 'Stan Thoms', 'Nondisplaced comminuted fracture of shaft of ulna, left arm, initial encounter for closed fracture', 1968, 2009, 'http://dummyimage.com/144x100.png/dddddd/000000', NULL, NULL, 3, NULL),
(68, 'State Affairs (Une affaire d\'état)', 'Lelah Olczyk', 'Degeneration of chamber angle, unspecified eye', 1599, 1995, 'http://dummyimage.com/201x100.png/cc0000/ffffff', NULL, NULL, 3, NULL),
(69, 'Sliding Doors', 'Janelle Roseby', 'Coma', 2232, 2009, 'http://dummyimage.com/212x100.png/ff4444/ffffff', NULL, NULL, 2, NULL),
(70, 'Prefab People, The (Panelkapcsolat)', 'Onida Coye', 'Other fracture of head and neck of left femur', 1909, 2005, 'http://dummyimage.com/160x100.png/dddddd/000000', NULL, NULL, 1, NULL),
(71, 'Yrrol: An Enormously Well Thought Out Movie (Yrrol - en kolossalt genomtänkt film)', 'Malissia Flecknell', 'Salter-Harris Type II physeal fracture of lower end of ulna, unspecified arm, initial encounter for closed fracture', 1464, 2011, 'http://dummyimage.com/173x100.png/cc0000/ffffff', NULL, NULL, 3, NULL),
(72, 'Dark Side of the Heart, The (Lado oscuro del corazón, El)', 'Denni Gidney', 'War operations involving rubber bullets, military personnel, subsequent encounter', 986, 1999, 'http://dummyimage.com/172x100.png/5fa2dd/ffffff', NULL, NULL, 1, NULL),
(73, 'Bandit Queen', 'Birdie Braidley', 'Late congenital syphilitic polyneuropathy', 2033, 1997, 'http://dummyimage.com/228x100.png/cc0000/ffffff', NULL, NULL, 3, NULL),
(74, 'The Corsican Brothers', 'Sylvester Gawkes', 'Malar fracture, left side', 916, 2007, 'http://dummyimage.com/104x100.png/5fa2dd/ffffff', NULL, NULL, 2, NULL),
(75, 'Killer (Bulletproof Heart)', 'Wyatt Heffernon', 'Occupant of animal-drawn vehicle injured in collision with other nonmotor vehicles, sequela', 2722, 2012, 'http://dummyimage.com/195x100.png/5fa2dd/ffffff', NULL, NULL, 4, NULL),
(76, 'Reckoning, The', 'Alisun Philott', 'Nondisplaced fracture of neck of fifth metacarpal bone, right hand, subsequent encounter for fracture with routine healing', 2787, 2009, 'http://dummyimage.com/166x100.png/dddddd/000000', NULL, NULL, 2, NULL),
(77, 'Treasure Island', 'Jennie Deporte', 'Other physeal fracture of upper end of humerus, left arm, subsequent encounter for fracture with routine healing', 500, 2009, 'http://dummyimage.com/104x100.png/cc0000/ffffff', NULL, NULL, 3, NULL),
(78, 'FernGully 2: The Magical Rescue', 'Magdalene Liggett', 'Early syphilis, unspecified', 1057, 2002, 'http://dummyimage.com/186x100.png/5fa2dd/ffffff', NULL, NULL, 1, NULL),
(79, 'The Roots of Heaven', 'Astra Maginot', 'Other fracture of left ilium, subsequent encounter for fracture with delayed healing', 1746, 2007, 'http://dummyimage.com/249x100.png/ff4444/ffffff', NULL, NULL, 3, NULL),
(80, 'Housefull 2', 'Darcee Leppard', 'Acquired absence of right wrist', 2902, 2008, 'http://dummyimage.com/127x100.png/5fa2dd/ffffff', NULL, NULL, 1, NULL),
(81, 'Basketball Diaries, The', 'Thornie Alvin', 'Other benign mammary dysplasias of left breast', 839, 2011, 'http://dummyimage.com/171x100.png/cc0000/ffffff', NULL, NULL, 4, NULL),
(82, 'Love and Lemons (Små citroner gula)', 'Juditha Belcham', 'Blepharochalasis right eye, unspecified eyelid', 1598, 2000, 'http://dummyimage.com/181x100.png/5fa2dd/ffffff', NULL, NULL, 2, NULL),
(83, 'I\'m Gonna Explode (a.k.a. I\'m Going to Explode) (Voy a explotar)', 'Sherwynd Hawthorn', 'Other specified injury of axillary or brachial vein, left side', 1429, 2004, 'http://dummyimage.com/245x100.png/cc0000/ffffff', NULL, NULL, 2, NULL),
(84, 'Nomad (Köshpendiler)', 'Herta Lintot', 'Fracture of unspecified part of body of mandible, unspecified side, subsequent encounter for fracture with nonunion', 1814, 1986, 'http://dummyimage.com/144x100.png/ff4444/ffffff', NULL, NULL, 2, NULL),
(85, 'Jekyll', 'Rona Palethorpe', 'Unspecified dislocation of right ring finger', 1813, 1993, 'http://dummyimage.com/243x100.png/ff4444/ffffff', NULL, NULL, 3, NULL),
(86, 'Eddie', 'Devonne Ferretti', 'Drowning and submersion due to falling or jumping from crushed sailboat, initial encounter', 1611, 2008, 'http://dummyimage.com/116x100.png/5fa2dd/ffffff', NULL, NULL, 3, NULL),
(87, 'Fourth Angel, The', 'Ofelia Rookeby', 'Nondisplaced comminuted fracture of shaft of left fibula, initial encounter for closed fracture', 1761, 1992, 'http://dummyimage.com/173x100.png/dddddd/000000', NULL, NULL, 3, NULL),
(88, 'Super Cops, The', 'Kaila Doale', 'Toxic effect of sulfur dioxide', 1471, 2001, 'http://dummyimage.com/178x100.png/dddddd/000000', NULL, NULL, 1, NULL),
(89, 'Looking for Hortense (Cherchez Hortense) ', 'Bevan Zima', 'Puncture wound with foreign body of unspecified back wall of thorax with penetration into thoracic cavity, subsequent encounter', 1773, 2000, 'http://dummyimage.com/245x100.png/dddddd/000000', NULL, NULL, 3, NULL),
(90, 'I Capture the Castle', 'Ewart Terrell', 'Nondisplaced spiral fracture of shaft of unspecified tibia, subsequent encounter for open fracture type I or II with nonunion', 695, 1992, 'http://dummyimage.com/213x100.png/ff4444/ffffff', NULL, NULL, 1, NULL),
(91, 'Humboldt County', 'Irena Thundercliffe', 'Subluxation of metacarpophalangeal joint of left ring finger, sequela', 908, 2000, 'http://dummyimage.com/158x100.png/dddddd/000000', NULL, NULL, 2, NULL),
(92, 'Next Three Days, The', 'Lauritz Brosh', 'Partial traumatic amputation of left forearm, level unspecified, sequela', 1957, 2008, 'http://dummyimage.com/140x100.png/cc0000/ffffff', NULL, NULL, 4, NULL),
(93, 'Clara and Me (Clara et moi)', 'Selena Mobley', 'Unspecified physeal fracture of unspecified metatarsal, subsequent encounter for fracture with nonunion', 2060, 2011, 'http://dummyimage.com/165x100.png/5fa2dd/ffffff', NULL, NULL, 3, NULL),
(94, 'Mistress America', 'Evanne Simanenko', 'Sprain of metacarpophalangeal joint of right ring finger, sequela', 1693, 2003, 'http://dummyimage.com/174x100.png/dddddd/000000', NULL, NULL, 4, NULL),
(95, 'Dragonlance: Dragons of Autumn Twilight', 'Pierce Jansens', 'Salter-Harris Type II physeal fracture of lower end of ulna, right arm, subsequent encounter for fracture with nonunion', 499, 2011, 'http://dummyimage.com/228x100.png/dddddd/000000', NULL, NULL, 3, NULL),
(96, 'The Fuller Brush Girl', 'Cahra Bradnam', 'Type 2 diabetes mellitus with mild nonproliferative diabetic retinopathy without macular edema, bilateral', 1157, 2000, 'http://dummyimage.com/222x100.png/dddddd/000000', NULL, NULL, 2, NULL),
(97, 'KM 31: Kilometro 31', 'Malia Heibl', 'Other specified injury of greater saphenous vein at lower leg level, unspecified leg, subsequent encounter', 2736, 2004, 'http://dummyimage.com/227x100.png/5fa2dd/ffffff', NULL, NULL, 4, NULL),
(98, 'Hound of the Baskervilles, The', 'Georgie Battershall', 'Refsum\'s disease', 2835, 2002, 'http://dummyimage.com/231x100.png/5fa2dd/ffffff', NULL, NULL, 1, NULL),
(99, 'Deep Water', 'Chad Stiddard', 'Stable burst fracture of first lumbar vertebra, sequela', 1936, 2010, 'http://dummyimage.com/231x100.png/ff4444/ffffff', NULL, NULL, 1, NULL),
(100, 'Event Horizon', 'Janey Nance', 'Burns involving 90% or more of body surface with 20-29% third degree burns', 473, 2006, 'http://dummyimage.com/231x100.png/ff4444/ffffff', NULL, NULL, 1, NULL),
(101, 'Autopsy', 'Cecilius Maidstone', 'Occupant of streetcar injured by fall in streetcar, initial encounter', 2641, 2002, 'http://dummyimage.com/228x100.png/5fa2dd/ffffff', NULL, NULL, 1, NULL),
(102, 'Somm', 'Susy Ilyin', 'Other mechanical complication of other internal joint prosthesis', 1583, 2010, 'http://dummyimage.com/244x100.png/dddddd/000000', NULL, NULL, 3, NULL),
(103, 'Evan Almighty', 'Dorthy Paolinelli', 'Chronic gout due to renal impairment, right shoulder, without tophus (tophi)', 441, 2008, 'http://dummyimage.com/154x100.png/5fa2dd/ffffff', NULL, NULL, 4, NULL),
(104, 'Hellraiser: Hellworld', 'Jaine Austwick', 'Other osteoporosis with current pathological fracture, right shoulder, sequela', 1045, 1988, 'http://dummyimage.com/218x100.png/5fa2dd/ffffff', NULL, NULL, 2, NULL),
(105, 'Dragon Ball Z: Battle of Gods', 'Charleen Newick', 'Sprain of unspecified parts of lumbar spine and pelvis, subsequent encounter', 1514, 1996, 'http://dummyimage.com/135x100.png/ff4444/ffffff', NULL, NULL, 3, NULL),
(106, 'Tin Toy', 'Salli Quarrie', 'Assault by drowning and submersion in natural water', 1508, 1977, 'http://dummyimage.com/244x100.png/ff4444/ffffff', NULL, NULL, 1, NULL),
(107, 'Man Who Haunted Himself, The', 'Cacilie Caris', 'Fall from stairs and steps due to ice and snow, initial encounter', 2575, 2006, 'http://dummyimage.com/218x100.png/dddddd/000000', NULL, NULL, 3, NULL),
(108, 'Snug as a Bug (U Pana Boga za piecem)', 'Meyer Ffrench', 'Laceration with foreign body of right ring finger without damage to nail', 1877, 2008, 'http://dummyimage.com/228x100.png/cc0000/ffffff', NULL, NULL, 4, NULL),
(109, 'Flat, The', 'Prisca Dysert', 'Displaced fracture of neck of scapula, right shoulder, initial encounter for closed fracture', 390, 2005, 'http://dummyimage.com/144x100.png/dddddd/000000', NULL, NULL, 2, NULL),
(110, 'True Believer', 'Rabbi Duchatel', 'Pressure ulcer of left ankle', 2617, 1994, 'http://dummyimage.com/241x100.png/5fa2dd/ffffff', NULL, NULL, 3, NULL),
(111, 'Sinbad: Legend of the Seven Seas', 'Christabel Tieman', 'Chronic embolism and thrombosis of unspecified deep veins of right distal lower extremity', 1339, 2008, 'http://dummyimage.com/190x100.png/cc0000/ffffff', NULL, NULL, 3, NULL),
(112, 'Breathe In', 'Aron Schoenrock', 'Injury of optic tract and pathways', 2347, 2002, 'http://dummyimage.com/201x100.png/5fa2dd/ffffff', NULL, NULL, 2, NULL),
(113, 'Four Sons', 'Derry Mowlam', 'Abscess of breast associated with pregnancy, unspecified trimester', 1765, 1987, 'http://dummyimage.com/109x100.png/5fa2dd/ffffff', NULL, NULL, 1, NULL),
(114, 'Two Girls and a Guy', 'Andres Pulbrook', 'Laceration with foreign body of unspecified lesser toe(s) with damage to nail, initial encounter', 1818, 1994, 'http://dummyimage.com/228x100.png/5fa2dd/ffffff', NULL, NULL, 4, NULL),
(115, 'What\'s the Matter with Helen?', 'Kristyn Mathews', 'Sedative, hypnotic or anxiolytic dependence with other sedative, hypnotic or anxiolytic-induced disorders', 602, 2001, 'http://dummyimage.com/183x100.png/cc0000/ffffff', NULL, NULL, 3, NULL),
(116, 'Open Season 2', 'Auberon Breslau', 'Displaced unspecified condyle fracture of lower end of right femur, subsequent encounter for closed fracture with nonunion', 1311, 1994, 'http://dummyimage.com/230x100.png/cc0000/ffffff', NULL, NULL, 2, NULL),
(117, 'The Man in the Orange Jacket', 'Mitchel Blenkhorn', 'Peroxisomal disorders', 2398, 1996, 'http://dummyimage.com/169x100.png/cc0000/ffffff', NULL, NULL, 2, NULL),
(118, 'Wonderland', 'Ira Hamor', 'Displacement of femoral arterial graft (bypass), subsequent encounter', 1044, 1998, 'http://dummyimage.com/193x100.png/cc0000/ffffff', NULL, NULL, 3, NULL),
(119, 'Creator', 'Lucienne Puttock', 'Terrorism involving other explosions and fragments, civilian injured, initial encounter', 569, 2010, 'http://dummyimage.com/124x100.png/dddddd/000000', NULL, NULL, 3, NULL),
(120, 'All the Invisible Children', 'Tabbie Boots', 'Overexertion from repetitive movements, sequela', 514, 2008, 'http://dummyimage.com/143x100.png/dddddd/000000', NULL, NULL, 4, NULL),
(121, 'Bopha!', 'Horatius Ackers', 'Nondisplaced fracture of coronoid process of unspecified ulna, initial encounter for open fracture type I or II', 1308, 1997, 'http://dummyimage.com/184x100.png/cc0000/ffffff', NULL, NULL, 1, NULL),
(122, 'Saint of Fort Washington, The', 'Howie Crush', 'Puncture wound of abdominal wall without foreign body, unspecified quadrant without penetration into peritoneal cavity, sequela', 651, 1990, 'http://dummyimage.com/173x100.png/cc0000/ffffff', NULL, NULL, 2, NULL),
(123, 'Heathcliff: The Movie', 'Alvy Beet', 'Nondisplaced fracture of base of third metacarpal bone, right hand', 688, 1996, 'http://dummyimage.com/218x100.png/cc0000/ffffff', NULL, NULL, 3, NULL),
(124, 'Fall of the Republic: The Presidency of Barack H. Obama', 'Nikoletta Rontsch', 'Unspecified fracture of lower leg', 2134, 1993, 'http://dummyimage.com/188x100.png/ff4444/ffffff', NULL, NULL, 4, NULL),
(125, 'Paradise', 'Adams Fasham', 'Non-pressure chronic ulcer of back limited to breakdown of skin', 2484, 2005, 'http://dummyimage.com/192x100.png/ff4444/ffffff', NULL, NULL, 4, NULL),
(126, 'American Loser (Trainwreck: My Life as an Idiot)', 'Edna Vaggers', 'Laceration of fallopian tube, unspecified, sequela', 819, 1993, 'http://dummyimage.com/113x100.png/ff4444/ffffff', NULL, NULL, 2, NULL),
(127, 'Neon Bible, The', 'Arni Arnout', 'Acute toxic conjunctivitis, right eye', 1842, 2011, 'http://dummyimage.com/175x100.png/dddddd/000000', NULL, NULL, 3, NULL),
(128, 'Mutiny on the Bounty', 'Susy Hughs', 'Nondisplaced fracture of base of second metacarpal bone, right hand, subsequent encounter for fracture with nonunion', 1485, 2005, 'http://dummyimage.com/227x100.png/dddddd/000000', NULL, NULL, 4, NULL),
(129, 'Girl with a Pearl Earring', 'Violette Jellico', 'Decreased fetal movements, second trimester', 860, 1993, 'http://dummyimage.com/207x100.png/cc0000/ffffff', NULL, NULL, 3, NULL),
(130, 'Elephant White', 'Nickolas Bertwistle', 'Folliculitis ulerythematosa reticulata', 1592, 2010, 'http://dummyimage.com/249x100.png/ff4444/ffffff', NULL, NULL, 4, NULL),
(131, 'Family Man, The', 'Ambrosius Seczyk', 'Unspecified injury of intrinsic muscle, fascia and tendon of left thumb at wrist and hand level, sequela', 1280, 2004, 'http://dummyimage.com/220x100.png/5fa2dd/ffffff', NULL, NULL, 2, NULL),
(132, 'Tucker: The Man and His Dream', 'Nero Nurse', 'Cellulitis of unspecified orbit', 2983, 1988, 'http://dummyimage.com/236x100.png/cc0000/ffffff', NULL, NULL, 4, NULL),
(133, 'Pieces of April', 'Gabriell Azema', 'Poisoning by unspecified antidepressants, intentional self-harm, initial encounter', 1652, 2005, 'http://dummyimage.com/106x100.png/dddddd/000000', NULL, NULL, 3, NULL),
(134, 'Fort Bliss', 'Shirleen Shepherd', 'Displaced fracture of right radial styloid process, sequela', 1104, 1993, 'http://dummyimage.com/219x100.png/cc0000/ffffff', NULL, NULL, 4, NULL),
(135, 'Farewell to the King', 'Chris Harder', 'Abrasion of right front wall of thorax, sequela', 393, 2005, 'http://dummyimage.com/148x100.png/ff4444/ffffff', NULL, NULL, 1, NULL),
(136, 'Fire Down Below', 'Laina Shirtcliffe', 'Tuberculoma of brain and spinal cord', 2599, 2011, 'http://dummyimage.com/129x100.png/cc0000/ffffff', NULL, NULL, 1, NULL),
(137, 'Monte Carlo', 'Debbi Mahoney', 'Hereditary and idiopathic neuropathy', 1207, 1993, 'http://dummyimage.com/213x100.png/cc0000/ffffff', NULL, NULL, 3, NULL),
(138, 'The Hearse', 'Marcello Gotobed', 'Congenital stenosis and stricture of bile ducts', 1438, 2010, 'http://dummyimage.com/141x100.png/dddddd/000000', NULL, NULL, 3, NULL),
(139, 'Eight Legged Freaks', 'Grove Damper', 'Presence of artificial shoulder joint', 2431, 2000, 'http://dummyimage.com/208x100.png/ff4444/ffffff', NULL, NULL, 1, NULL),
(140, 'Man of Steel', 'Juliet Reeve', 'Unspecified occupant of snowmobile injured in nontraffic accident, initial encounter', 1640, 1994, 'http://dummyimage.com/137x100.png/dddddd/000000', NULL, NULL, 4, NULL),
(141, 'Black Bread (Pa Negre)', 'Cordie Boutellier', 'Pathological fracture, left fibula, sequela', 1238, 2004, 'http://dummyimage.com/158x100.png/dddddd/000000', NULL, NULL, 2, NULL),
(142, 'I Know What I Saw', 'Lorinda Baldry', 'Poisoning by ophthalmological drugs and preparations, assault, subsequent encounter', 1372, 1996, 'http://dummyimage.com/211x100.png/ff4444/ffffff', NULL, NULL, 2, NULL),
(143, 'I Travel Alone', 'Ashlin Gipson', 'Crushing injury of right little finger, sequela', 844, 1986, 'http://dummyimage.com/247x100.png/dddddd/000000', NULL, NULL, 1, NULL),
(144, 'The Hearts of Age', 'Pietro England', 'Maternal care for disproportion due to hydrocephalic fetus, fetus 3', 890, 1998, 'http://dummyimage.com/160x100.png/dddddd/000000', NULL, NULL, 2, NULL),
(145, 'Raincoat', 'Izabel Semor', 'Transient synovitis, right ankle and foot', 1848, 1992, 'http://dummyimage.com/152x100.png/5fa2dd/ffffff', NULL, NULL, 2, NULL),
(146, 'Bright Young Things', 'Yvon Levensky', 'Other contact with turkey, subsequent encounter', 1281, 2000, 'http://dummyimage.com/123x100.png/cc0000/ffffff', NULL, NULL, 4, NULL),
(147, 'Jack and Diane', 'Marin Salmons', 'Other displaced fracture of sixth cervical vertebra, initial encounter for closed fracture', 2936, 2004, 'http://dummyimage.com/197x100.png/cc0000/ffffff', NULL, NULL, 3, NULL),
(148, 'Smooth Talk', 'Cloris Baiyle', 'Bronchiectasis, uncomplicated', 582, 1994, 'http://dummyimage.com/107x100.png/ff4444/ffffff', NULL, NULL, 4, NULL),
(149, 'Jacknife', 'Drugi Bamlett', 'Poisoning by rifampicins, assault, subsequent encounter', 1780, 1993, 'http://dummyimage.com/243x100.png/dddddd/000000', NULL, NULL, 1, NULL),
(150, 'Home Movie', 'Carny Leworthy', 'Displaced transcondylar fracture of left humerus, subsequent encounter for fracture with routine healing', 448, 2001, 'http://dummyimage.com/227x100.png/cc0000/ffffff', NULL, NULL, 1, NULL),
(151, 'Get to Know Your Rabbit', 'Beverley Scimone', 'Displaced comminuted fracture of shaft of radius, unspecified arm, subsequent encounter for closed fracture with nonunion', 929, 2006, 'http://dummyimage.com/240x100.png/ff4444/ffffff', NULL, NULL, 1, NULL),
(152, 'Curse of the Werewolf, The', 'Caritta Guare', 'Unspecified injury of wrist, hand and finger(s)', 855, 2000, 'http://dummyimage.com/241x100.png/5fa2dd/ffffff', NULL, NULL, 4, NULL),
(153, 'Rudolph the Red-Nosed Reindeer: The Movie', 'Arlinda Sposito', 'Nondisplaced fracture of proximal third of navicular [scaphoid] bone of right wrist, initial encounter for closed fracture', 2925, 1994, 'http://dummyimage.com/108x100.png/ff4444/ffffff', NULL, NULL, 2, NULL),
(154, 'Oranges', 'Tabbie Gianulli', 'Open bite, left foot, subsequent encounter', 2604, 2012, 'http://dummyimage.com/178x100.png/cc0000/ffffff', NULL, NULL, 2, NULL),
(155, 'The Forbidden Room', 'Brendan Elgy', 'Abrasion, unspecified hip, subsequent encounter', 1695, 1999, 'http://dummyimage.com/170x100.png/cc0000/ffffff', NULL, NULL, 2, NULL),
(156, 'We Are Young. We Are Strong.', 'Jory Elcomb', 'Poisoning by tetracyclic antidepressants, undetermined, initial encounter', 2380, 2008, 'http://dummyimage.com/101x100.png/5fa2dd/ffffff', NULL, NULL, 3, NULL),
(157, 'Ciao Bella', 'Tobe Duligall', 'Diffuse traumatic brain injury with loss of consciousness of 6 hours to 24 hours, sequela', 1282, 1992, 'http://dummyimage.com/184x100.png/ff4444/ffffff', NULL, NULL, 2, NULL),
(158, 'Queen: Days of Our Lives', 'Tandy Sebley', 'Driver of three-wheeled motor vehicle injured in collision with other motor vehicles in traffic accident, sequela', 1726, 1995, 'http://dummyimage.com/150x100.png/dddddd/000000', NULL, NULL, 4, NULL),
(159, 'Here Comes the Groom', 'Ellynn Banfill', 'Abrasion of left hand', 2873, 2003, 'http://dummyimage.com/135x100.png/5fa2dd/ffffff', NULL, NULL, 1, NULL),
(160, 'Faces of Schlock', 'Nicola Boyack', 'Unspecified ultralight, microlight or powered-glider accident injuring occupant, initial encounter', 2099, 2003, 'http://dummyimage.com/111x100.png/dddddd/000000', NULL, NULL, 4, NULL),
(161, 'I Want to Be a Soldier', 'Leah Hardiker', 'Old laceration of cervix uteri', 1005, 1988, 'http://dummyimage.com/138x100.png/5fa2dd/ffffff', NULL, NULL, 2, NULL),
(162, 'Brass Monkey', 'Jefferey Wingate', 'Unspecified injury of right kidney, sequela', 2866, 2010, 'http://dummyimage.com/108x100.png/cc0000/ffffff', NULL, NULL, 3, NULL),
(163, 'Dragon ball Z 04: Lord Slug', 'Riane Songhurst', 'Other fracture of left lower leg, subsequent encounter for open fracture type IIIA, IIIB, or IIIC with nonunion', 2821, 2007, 'http://dummyimage.com/154x100.png/dddddd/000000', NULL, NULL, 4, NULL),
(164, 'Shoot the Piano Player (Tirez sur le pianiste)', 'Alissa Louw', 'Radiographic dye allergy status', 426, 1995, 'http://dummyimage.com/180x100.png/5fa2dd/ffffff', NULL, NULL, 3, NULL),
(165, 'Hammer of the Gods', 'Tamma Vaillant', 'Anogenital herpesviral infection, unspecified', 2797, 2004, 'http://dummyimage.com/247x100.png/ff4444/ffffff', NULL, NULL, 4, NULL),
(166, 'Fog of War: Eleven Lessons from the Life of Robert S. McNamara, The', 'Gina Brognot', 'Pressure ulcer of right lower back, unspecified stage', 1558, 1997, 'http://dummyimage.com/233x100.png/ff4444/ffffff', NULL, NULL, 1, NULL),
(167, 'Connie and Carla', 'Merrel Dimitrescu', 'Frostbite with tissue necrosis of wrist, hand, and finger(s)', 803, 2004, 'http://dummyimage.com/223x100.png/ff4444/ffffff', NULL, NULL, 1, NULL),
(168, 'Hustler, The', 'Ally Coye', 'Car driver injured in collision with pedal cycle in nontraffic accident, subsequent encounter', 2419, 2008, 'http://dummyimage.com/187x100.png/dddddd/000000', NULL, NULL, 2, NULL),
(169, 'Ice Princess', 'Elsworth Bromehead', 'Displaced fracture of pisiform, left wrist, initial encounter for open fracture', 320, 2010, 'http://dummyimage.com/134x100.png/5fa2dd/ffffff', NULL, NULL, 4, NULL),
(170, 'Read My Lips (Sur mes lèvres)', 'Sadye Paffley', 'Superficial foreign body of vagina and vulva', 2688, 2005, 'http://dummyimage.com/205x100.png/cc0000/ffffff', NULL, NULL, 2, NULL),
(171, 'House Is Black, The', 'Anatol Conichie', 'Sprain of radiocarpal joint of left wrist, sequela', 1157, 2011, 'http://dummyimage.com/133x100.png/dddddd/000000', NULL, NULL, 4, NULL),
(172, 'Barren Lives (Vidas Secas)', 'Opaline Bellas', 'Unspecified pre-existing diabetes mellitus in pregnancy, first trimester', 1541, 1996, 'http://dummyimage.com/132x100.png/5fa2dd/ffffff', NULL, NULL, 4, NULL),
(173, 'First Power, The', 'Stoddard Kolodziej', '22 weeks gestation of pregnancy', 2269, 1998, 'http://dummyimage.com/194x100.png/dddddd/000000', NULL, NULL, 3, NULL),
(174, 'Pusher', 'Waylon Lodge', 'Displaced fracture of epiphysis (separation) (upper) of left femur, subsequent encounter for open fracture type I or II with malunion', 973, 2012, 'http://dummyimage.com/186x100.png/5fa2dd/ffffff', NULL, NULL, 1, NULL),
(175, 'Black Room, The', 'Esta Kienl', 'Struck by dolphin, sequela', 2865, 1990, 'http://dummyimage.com/176x100.png/ff4444/ffffff', NULL, NULL, 3, NULL),
(176, 'Prairie Fever', 'Maddy Eastcott', 'Diverticulitis of intestine, part unspecified, with perforation and abscess without bleeding', 1387, 2007, 'http://dummyimage.com/150x100.png/dddddd/000000', NULL, NULL, 4, NULL),
(177, 'Reno 911!: Miami', 'Corbet Massingberd', 'Laceration without foreign body of right front wall of thorax without penetration into thoracic cavity, sequela', 2251, 2006, 'http://dummyimage.com/101x100.png/5fa2dd/ffffff', NULL, NULL, 1, NULL),
(178, 'Sleeping Beauty, The (La belle endormie)', 'Jasmine Challenger', 'Other specified congenital malformations of female genitalia', 2489, 2008, 'http://dummyimage.com/228x100.png/cc0000/ffffff', NULL, NULL, 2, NULL),
(179, 'Switching Goals', 'Ethelbert Tacker', 'Unspecified fracture of lower end of unspecified ulna, subsequent encounter for closed fracture with malunion', 2481, 2012, 'http://dummyimage.com/101x100.png/cc0000/ffffff', NULL, NULL, 4, NULL),
(180, 'Magic & Bird: A Courtship of Rivals', 'Stavro Laurenzi', 'Degeneration of pupillary margin, unspecified eye', 2578, 2002, 'http://dummyimage.com/187x100.png/ff4444/ffffff', NULL, NULL, 3, NULL),
(181, 'Confessional, The (Confessionnal, Le)', 'Hyatt Gutman', 'Struck by turkey, subsequent encounter', 1440, 1984, 'http://dummyimage.com/164x100.png/5fa2dd/ffffff', NULL, NULL, 4, NULL),
(182, 'Barbarian Invasions, The (Les invasions barbares)', 'Randi McRae', 'Fracture of base of skull, right side, sequela', 552, 1997, 'http://dummyimage.com/237x100.png/ff4444/ffffff', NULL, NULL, 2, NULL),
(183, 'Murder Party', 'Estel McCarron', 'Nondisplaced fracture of olecranon process without intraarticular extension of right ulna, subsequent encounter for open fracture type I or II with malunion', 2636, 1996, 'http://dummyimage.com/235x100.png/dddddd/000000', NULL, NULL, 2, NULL),
(184, 'Trap: What Happened to Our Dream of Freedom, The', 'Carmela Tours', 'Unspecified maternal infectious and parasitic disease complicating childbirth', 1978, 2003, 'http://dummyimage.com/209x100.png/dddddd/000000', NULL, NULL, 1, NULL),
(185, 'Images of the World and the Inscription of War (Bilder der Welt und Inschrift des Krieges)', 'Maggi Mullin', 'Laceration of unspecified blood vessel at lower leg level', 1046, 2004, 'http://dummyimage.com/144x100.png/cc0000/ffffff', NULL, NULL, 1, NULL),
(186, 'Keeping the Promise (Sign of the Beaver, The)', 'Hermia Pensom', 'Laceration of peroneal artery, unspecified leg', 1460, 2011, 'http://dummyimage.com/151x100.png/cc0000/ffffff', NULL, NULL, 3, NULL),
(187, 'Science and Islam', 'Caitrin Botham', 'Nondisplaced fracture of third metatarsal bone, right foot, initial encounter for open fracture', 812, 2006, 'http://dummyimage.com/165x100.png/5fa2dd/ffffff', NULL, NULL, 4, NULL),
(188, 'Fuck You, Goethe (Fack Ju Göhte)', 'Chas Trunkfield', 'Hereditary optic atrophy', 2415, 2003, 'http://dummyimage.com/180x100.png/ff4444/ffffff', NULL, NULL, 2, NULL),
(189, 'Dark of the Sun', 'Anallese Ovill', 'Exposure to ignition of plastic jewelry, initial encounter', 593, 1986, 'http://dummyimage.com/166x100.png/5fa2dd/ffffff', NULL, NULL, 4, NULL),
(190, 'Dylan Dog: Dead of Night', 'Kristoforo Ambrogio', 'Blister (nonthermal) of left ear, initial encounter', 1167, 2010, 'http://dummyimage.com/182x100.png/cc0000/ffffff', NULL, NULL, 1, NULL),
(191, 'Lost Missile, The', 'Reyna McKeller', 'Occupant of animal-drawn vehicle injured in collision with other animal-drawn vehicle', 2979, 2010, 'http://dummyimage.com/228x100.png/5fa2dd/ffffff', NULL, NULL, 3, NULL),
(192, 'Sacrifice, The (Offret - Sacraficatio)', 'Agustin Roman', 'Injury of other nerves at wrist and hand level of right arm, sequela', 2277, 2009, 'http://dummyimage.com/125x100.png/cc0000/ffffff', NULL, NULL, 1, NULL),
(193, 'Like Father, Like Son', 'Carley Ivers', 'Other symptoms and signs involving cognitive functions following nontraumatic intracerebral hemorrhage', 1775, 1996, 'http://dummyimage.com/241x100.png/dddddd/000000', NULL, NULL, 4, NULL),
(194, 'Looking for Eric', 'Georgina Hessel', 'Burn of unspecified degree of unspecified multiple fingers (nail), including thumb, subsequent encounter', 2976, 1992, 'http://dummyimage.com/107x100.png/cc0000/ffffff', NULL, NULL, 1, NULL),
(195, 'Out of the Blue', 'Thaddeus Poxton', 'Unspecified traumatic displaced spondylolisthesis of second cervical vertebra, initial encounter for open fracture', 1157, 2009, 'http://dummyimage.com/248x100.png/dddddd/000000', NULL, NULL, 4, NULL),
(196, 'Walk to Remember, A', 'Marita Morrow', 'Severe combined immunodeficiency [SCID] with low T- and B-cell numbers', 2926, 2012, 'http://dummyimage.com/101x100.png/dddddd/000000', NULL, NULL, 3, NULL),
(197, 'Performance', 'Fran Liptrod', 'Contact with other commercial machinery, sequela', 773, 1992, 'http://dummyimage.com/173x100.png/5fa2dd/ffffff', NULL, NULL, 3, NULL),
(198, 'Toy Story Toons: Small Fry', 'Gaston Aiken', 'Open bite of unspecified buttock', 2205, 2009, 'http://dummyimage.com/190x100.png/ff4444/ffffff', NULL, NULL, 4, NULL),
(199, 'Mission Bloody Mary', 'Khalil Thewless', 'Cyclical vomiting, not intractable', 2527, 2001, 'http://dummyimage.com/120x100.png/ff4444/ffffff', NULL, NULL, 3, NULL),
(200, 'Mesrine: Public Enemy #1 (L\'ennemi public n°1)', 'Waldo McSharry', 'Other physeal fracture of right calcaneus, subsequent encounter for fracture with routine healing', 631, 2009, 'http://dummyimage.com/172x100.png/dddddd/000000', NULL, NULL, 2, NULL);

INSERT INTO `claims` (`id`, `book_id`, `name`, `email`, `created_at`, `updated_at`, `deleted_at`) VALUES
(1, 2, 'Timi', 'Timi@test.com', '2024-01-11 14:17:05', '2024-01-11 14:17:48', '2024-01-11 14:17:48');
INSERT INTO `claims` (`id`, `book_id`, `name`, `email`, `created_at`, `updated_at`, `deleted_at`) VALUES
(2, 1, 'Timi', 'Timi@test.com', '2024-01-11 14:28:14', '2024-01-11 14:28:14', NULL);


INSERT INTO `genres` (`id`, `name`, `created_at`, `updated_at`) VALUES
(1, 'Thriller', NULL, NULL);
INSERT INTO `genres` (`id`, `name`, `created_at`, `updated_at`) VALUES
(2, 'Romance', NULL, NULL);
INSERT INTO `genres` (`id`, `name`, `created_at`, `updated_at`) VALUES
(3, 'Historical', NULL, NULL);
INSERT INTO `genres` (`id`, `name`, `created_at`, `updated_at`) VALUES
(4, 'Non-Fiction', NULL, NULL);

INSERT INTO `reviews` (`id`, `name`, `rating`, `review`, `book_id`, `created_at`, `updated_at`) VALUES
(1, 'Charmian', 1, 'Insertion of Other Device into Face, Open Approach', 96, NULL, NULL);
INSERT INTO `reviews` (`id`, `name`, `rating`, `review`, `book_id`, `created_at`, `updated_at`) VALUES
(2, 'Merrilee', 1, 'Revision of Infusion Dev in Tracheobronc Tree, Perc Approach', 162, NULL, NULL);
INSERT INTO `reviews` (`id`, `name`, `rating`, `review`, `book_id`, `created_at`, `updated_at`) VALUES
(3, 'Benedicta', 1, 'Remove Infusion Dev from R Sacroiliac Jt, Perc Endo', 33, NULL, NULL);
INSERT INTO `reviews` (`id`, `name`, `rating`, `review`, `book_id`, `created_at`, `updated_at`) VALUES
(4, 'Terza', 1, 'Dilation of R Com Carotid with Intralum Dev, Perc Approach', 143, NULL, NULL),
(5, 'Leroi', 5, 'LDR Brachytherapy of Neck Lymph using Iridium 192', 167, NULL, NULL),
(6, 'Rodolphe', 5, 'Drainage of Left Lacrimal Duct with Drain Dev, Open Approach', 197, NULL, NULL),
(7, 'Tera', 5, 'Revision of Synth Sub in L Radius, Perc Endo Approach', 12, NULL, NULL),
(8, 'Gran', 4, 'Insertion of Ext Fix into L Maxilla, Perc Approach', 105, NULL, NULL),
(9, 'Maura', 2, 'Revision of Nonaut Sub in Bladder, Open Approach', 159, NULL, NULL),
(10, 'Beth', 4, 'Destruction of Right Internal Carotid Artery, Perc Approach', 186, NULL, NULL),
(11, 'Alphonso', 1, 'Supplement Right Thumb with Nonaut Sub, Perc Endo Approach', 88, NULL, NULL),
(12, 'Louisa', 1, 'Supplement R Hip Bursa/Lig with Synth Sub, Open Approach', 175, NULL, NULL),
(13, 'Alleen', 2, 'Control Bleeding in Left Lower Extremity, Open Approach', 143, NULL, NULL),
(14, 'Dun', 2, 'Fusion of Left Ankle Joint with Int Fix, Perc Approach', 43, NULL, NULL),
(15, 'Ortensia', 3, 'Resection of Toe Nail, External Approach', 149, NULL, NULL),
(16, 'Portia', 2, 'CT Scan of Thoracic Spine using H Osm Contrast', 62, NULL, NULL),
(17, 'Zackariah', 5, 'Excision of Left Elbow Region, Perc Endo Approach, Diagn', 147, NULL, NULL),
(18, 'Lorenzo', 5, 'Drainage of Thoracolumbar Vertebral Joint, Perc Approach', 43, NULL, NULL),
(19, 'Teddy', 1, 'Release Splenic Vein, Percutaneous Endoscopic Approach', 93, NULL, NULL),
(20, 'Clair', 5, 'Supplement of Right Eye with Synth Sub, Open Approach', 160, NULL, NULL),
(21, 'Carly', 5, 'Repair Left Lung, Via Natural or Artificial Opening', 102, NULL, NULL),
(22, 'Violetta', 1, 'Alteration of Left Lower Arm with Synth Sub, Perc Approach', 132, NULL, NULL),
(23, 'Harmony', 3, 'HDR Brachytherapy of Head & Neck using Iodine 125', 129, NULL, NULL),
(24, 'Kathie', 2, 'Destruction of L Ext Iliac Art, Perc Endo Approach', 181, NULL, NULL),
(25, 'Allix', 4, 'Removal of Spacer from R Finger Phalanx Jt, Perc Approach', 113, NULL, NULL),
(26, 'Kara', 5, 'Extirpation of Matter from L Com Carotid, Perc Endo Approach', 165, NULL, NULL),
(27, 'Briney', 3, 'Insert of Ring Ext Fix into L Low Femur, Perc Endo Approach', 137, NULL, NULL),
(28, 'Branden', 2, 'Repair Respiratory System in POC, Perc Endo Approach', 95, NULL, NULL),
(29, 'Rozamond', 5, 'Hyperthermia of Chest Skin', 83, NULL, NULL),
(30, 'Marion', 4, 'Occlusion R Ant Tib Art w Intralum Dev, Perc Endo', 200, NULL, NULL),
(31, 'Rafa', 1, 'Fusion Cerv Jt w Autol Sub, Post Appr P Col, Open', 4, NULL, NULL),
(32, 'Isabeau', 3, 'Revision of Other Device in R Low Extrem, Perc Endo Approach', 58, NULL, NULL),
(33, 'Fred', 4, 'Revision of Ext Fix in R Wrist Jt, Open Approach', 161, NULL, NULL),
(34, 'Mattie', 1, 'Restriction of R Ext Iliac Art, Perc Endo Approach', 137, NULL, NULL),
(35, 'Oswald', 1, 'Fluoroscopy of Left Renal Vein using Other Contrast', 167, NULL, NULL),
(36, 'Elsbeth', 4, 'Computerized Tomography (CT Scan) of Bi Parotid Gland', 73, NULL, NULL),
(37, 'Zonda', 5, 'Introduce Ceftazidime in Central Vein, Perc, New Tech 1', 143, NULL, NULL),
(38, 'Chevalier', 5, 'Destruction of L Foot Subcu/Fascia, Open Approach', 108, NULL, NULL),
(39, 'Shaw', 2, 'Alteration of Left Lower Leg, Perc Endo Approach', 60, NULL, NULL),
(40, 'Clementina', 4, 'Occlusion of Right Vertebral Vein, Perc Endo Approach', 27, NULL, NULL),
(41, 'Miquela', 1, 'Removal of Synth Sub from L Carpal Jt, Open Approach', 23, NULL, NULL),
(42, 'Chan', 1, 'Bypass Sigmoid Colon to Cutaneous, Perc Endo Approach', 9, NULL, NULL),
(43, 'Meriel', 3, 'Restriction of Right Main Bronchus, Via Opening', 158, NULL, NULL),
(44, 'Albina', 2, 'Control Bleeding in R Low Extrem, Perc Endo Approach', 91, NULL, NULL),
(45, 'Terrill', 2, 'Extraction of Tibial Nerve, Percutaneous Approach', 120, NULL, NULL),
(46, 'Tessy', 5, 'Exercise Treatment of Circ Low Back/LE using Mech Equipment', 43, NULL, NULL),
(47, 'Reg', 2, 'Bypass L Vas Deferens to L Epidid w Nonaut Sub, Perc Endo', 124, NULL, NULL),
(48, 'Noland', 4, 'Imaging, Upper Arteries, Fluoroscopy', 29, NULL, NULL),
(49, 'Priscilla', 3, 'Bypass Abdominal Aorta to L Femor A, Perc Endo Approach', 169, NULL, NULL),
(50, 'Elene', 5, 'Insertion of Intramed Fix into L Up Femur, Open Approach', 195, NULL, NULL),
(51, 'Uta', 5, 'Bypass Thor Aorta Desc to Pulm Trunk w Synth Sub, Perc Endo', 4, NULL, NULL),
(52, 'Jeane', 2, 'Restriction of Thor Aorta Desc, Perc Endo Approach', 75, NULL, NULL),
(53, 'Nichols', 1, 'Fusion of Coccygeal Joint with Int Fix, Perc Endo Approach', 55, NULL, NULL),
(54, 'Phyllida', 5, 'Repair Right Hip Tendon, Percutaneous Approach', 121, NULL, NULL),
(55, 'Tome', 2, 'Division of Left Metatarsal, Open Approach', 138, NULL, NULL),
(56, 'Dorree', 2, 'Bypass L Kidney Pelvis to Ileum w Synth Sub, Open', 101, NULL, NULL),
(57, 'Sammie', 3, 'Bypass L Ext Iliac Art to B Int Ilia w Synth Sub, Perc Endo', 105, NULL, NULL),
(58, 'Gordon', 1, 'Removal of Drainage Device from Adrenal Gland, Open Approach', 15, NULL, NULL),
(59, 'Paula', 1, 'Bypass Descend Colon to Sigm Colon w Autol Sub, Open', 60, NULL, NULL),
(60, 'Bria', 2, 'Sensorineural Acuity Level Assessment', 173, NULL, NULL),
(61, 'Mirella', 5, 'Revision of Drain Dev in L Metatarsotars Jt, Extern Approach', 147, NULL, NULL),
(62, 'Roanna', 1, 'Revision of Autol Sub in L Acetabulum, Perc Endo Approach', 52, NULL, NULL),
(63, 'Georgeta', 4, 'Bypass Abd Aorta to Mesent Art w Nonaut Sub, Open', 103, NULL, NULL),
(64, 'Anett', 2, 'Release Right Thorax Bursa and Ligament, Open Approach', 184, NULL, NULL),
(65, 'Robinia', 1, 'Transfer Oculomotor Nerve to Abducen Nrv, Perc Endo Approach', 177, NULL, NULL),
(66, 'Park', 5, 'Excision of Nasal Turbinate, Open Approach', 31, NULL, NULL),
(67, 'Karoly', 5, 'Occlusion of Sigmoid Colon with Intraluminal Device, Endo', 178, NULL, NULL),
(68, 'Saunder', 1, 'Computerized Tomography (CT Scan) of Bilateral Eyes', 144, NULL, NULL),
(69, 'Liliane', 3, 'Drainage of Right Ovary with Drainage Device, Open Approach', 89, NULL, NULL),
(70, 'Glenine', 5, 'Drainage of R Com Iliac Vein with Drain Dev, Perc Approach', 143, NULL, NULL),
(71, 'Darell', 4, 'Replacement of L Glenoid Cav with Nonaut Sub, Perc Approach', 143, NULL, NULL),
(72, 'Aeriel', 4, 'Extirpation of Matter from L Tarsal Jt, Perc Endo Approach', 175, NULL, NULL),
(73, 'Corine', 2, 'Excision of Right Pelvic Bone, Percutaneous Approach', 9, NULL, NULL),
(74, 'Ariela', 1, 'Drainage of Left Spermatic Cord, Percutaneous Approach', 23, NULL, NULL),
(75, 'Bron', 2, 'Reposition Right Patella with Int Fix, Perc Endo Approach', 170, NULL, NULL),
(76, 'Kelvin', 1, 'Inspection of R Metatarsophal Jt, Perc Approach', 67, NULL, NULL),
(77, 'Cristi', 1, 'Extirpation of Matter from Left Tarsal, Perc Approach', 164, NULL, NULL),
(78, 'Clarinda', 3, 'Dilation of Lower Esophagus, Via Opening', 134, NULL, NULL),
(79, 'Araldo', 5, 'Dilate L Verteb Art, Bifurc, w 4+ Intralum Dev, Perc Endo', 83, NULL, NULL),
(80, 'Vida', 2, 'Removal of Int Fix from Cerv Jt, Open Approach', 75, NULL, NULL),
(81, 'Rakel', 2, 'Restrict Trans Colon w Intralum Dev, Perc Endo', 168, NULL, NULL),
(82, 'Emmott', 5, 'Muscles, Destruction', 31, NULL, NULL),
(83, 'Hill', 5, 'Removal of Autol Sub from Fem Perineum, Open Approach', 177, NULL, NULL),
(84, 'Raine', 3, 'Occlusion of Bladder Neck, Endo', 74, NULL, NULL);
INSERT INTO `reviews` (`id`, `name`, `rating`, `review`, `book_id`, `created_at`, `updated_at`) VALUES
(85, 'Cindra', 1, 'Dilation of Right Common Iliac Artery, Perc Endo Approach', 6, NULL, NULL),
(86, 'Rebe', 4, 'CT Scan of L Hand using L Osm Contrast', 93, NULL, NULL),
(87, 'Magdalene', 2, 'Reposition Right Metacarpocarpal Joint, Open Approach', 128, NULL, NULL),
(88, 'Bamby', 5, 'Replace of L Toe Phalanx Jt with Synth Sub, Open Approach', 56, NULL, NULL),
(89, 'Brent', 3, 'Transfer R Low Arm & Wrist Muscle with Subcu, Open Approach', 23, NULL, NULL),
(90, 'Batsheva', 2, 'Repair Bilateral Ovaries, Open Approach', 187, NULL, NULL),
(91, 'Dannie', 4, 'Excision of Middle Esophagus, Open Approach, Diagnostic', 119, NULL, NULL),
(92, 'Tammy', 5, 'Drainage of Left Vocal Cord, Perc Endo Approach, Diagn', 120, NULL, NULL),
(93, 'Netta', 2, 'Repair Upper Lip, External Approach', 36, NULL, NULL),
(94, 'Aridatha', 2, 'Removal of Brace on Face', 44, NULL, NULL),
(95, 'Lauralee', 1, 'Revision of Synthetic Substitute in Trachea, Via Opening', 103, NULL, NULL),
(96, 'Zelma', 3, 'Occlusion L Int Mamm Art w Intralum Dev, Perc Endo', 102, NULL, NULL),
(97, 'Neila', 2, 'Transfer Vagus Nerve to Acoustic Nerve, Perc Endo Approach', 103, NULL, NULL),
(98, 'Garv', 5, 'Revision of Nonaut Sub in L Tympanic Membrane, Open Approach', 60, NULL, NULL),
(99, 'Loreen', 1, 'Release Uterus, Percutaneous Approach', 49, NULL, NULL),
(100, 'Sara-ann', 1, 'Bypass Inf Vena Cava to Sup Mesent V w Autol Vn, Open', 61, NULL, NULL),
(101, 'Harriet', 4, 'Bypass Spinal Canal to Urinary Tract w Synth Sub, Open', 104, NULL, NULL),
(102, 'Lark', 5, 'Bypass Pelvic Cavity to Cutan with Synth Sub, Perc Approach', 92, NULL, NULL),
(103, 'Wendi', 4, 'Excision of Left Posterior Tibial Artery, Perc Approach', 5, NULL, NULL),
(104, 'Linn', 2, 'Excision of T-lum Disc, Perc Approach, Diagn', 109, NULL, NULL),
(105, 'Alphonso', 2, 'Change Other Device in Uterus and Cervix, External Approach', 128, NULL, NULL),
(106, 'Jeane', 2, 'Repair Musculoskeletal System in POC, Via Opening', 59, NULL, NULL),
(107, 'Tedra', 3, 'MRI of L Hand/Finger Jt using Oth Contrast, Unenh, Enhance', 184, NULL, NULL),
(108, 'Ermina', 1, 'Release Right Abdomen Tendon, Perc Endo Approach', 32, NULL, NULL),
(109, 'Melba', 4, 'Replace R Hip Jt, Acetab w Polyeth, Cement, Open', 65, NULL, NULL),
(110, 'Stearne', 1, 'Supplement R Humeral Shaft w Synth Sub, Perc Endo', 118, NULL, NULL),
(111, 'Bryna', 2, 'Occlusion of Right Lower Lobe Bronchus, Open Approach', 81, NULL, NULL),
(112, 'Nadeen', 1, 'Drainage of Left Tunica Vaginalis, Perc Endo Approach', 142, NULL, NULL),
(113, 'Devin', 5, 'Insertion of Ext Fix into R Tibia, Open Approach', 145, NULL, NULL),
(114, 'Cyril', 1, 'Extirpation of Matter from Right Pleura, Perc Endo Approach', 136, NULL, NULL),
(115, 'Ericha', 5, 'Revision of Spacer in Right Carpal Joint, Perc Endo Approach', 109, NULL, NULL),
(116, 'Delainey', 2, 'Dilation of L Brach Art with 3 Intralum Dev, Perc Approach', 78, NULL, NULL),
(117, 'Vernen', 2, 'Excision of Left Upper Leg Muscle, Open Approach', 172, NULL, NULL),
(118, 'Ileane', 3, 'Transplantation of L Low Lung Lobe, Syngen, Open Approach', 166, NULL, NULL),
(119, 'Bari', 4, 'Supplement R Foot Subcu/Fascia w Nonaut Sub, Perc', 42, NULL, NULL),
(120, 'Ivy', 5, 'Bypass Innominate Artery to R Extracran Art, Open Approach', 105, NULL, NULL),
(121, 'Ephrem', 1, 'Introduction of Oth Diagn Subst into POC, Via Opening', 1, NULL, NULL),
(122, 'Sax', 1, 'Release Right Inguinal Lymphatic, Percutaneous Approach', 21, NULL, NULL),
(123, 'Dee', 5, 'Revision of Int Fix in L Knee Jt, Open Approach', 120, NULL, NULL),
(124, 'Orion', 3, 'Dilation of Esophageal Vein with Intralum Dev, Open Approach', 179, NULL, NULL),
(125, 'Ariel', 2, 'Release Lumbar Sympathetic Nerve, Open Approach', 148, NULL, NULL),
(126, 'Taffy', 1, 'Insert Tissue Expander in Post Neck Subcu/Fascia, Open', 110, NULL, NULL),
(127, 'Miguela', 3, 'Replacement of Left Clavicle with Autol Sub, Perc Approach', 181, NULL, NULL),
(128, 'Gretna', 1, 'Fluoroscopy of Bilateral Pelvic (Iliac) Veins', 72, NULL, NULL),
(129, 'Mella', 3, 'Feeding/Eating Treatment using Electrotherapeutic Equipment', 114, NULL, NULL),
(130, 'Tiffi', 5, 'Muscle Perform Trmt Neuro Low Back/LE w Prosthesis', 81, NULL, NULL),
(131, 'Glenden', 4, 'Repair Right Middle Lung Lobe, Percutaneous Approach', 144, NULL, NULL),
(132, 'Juanita', 3, 'Excision of Right Lower Lung Lobe, Open Approach', 82, NULL, NULL),
(133, 'Isaak', 5, 'Replacement of Aortic Valve with Autol Sub, Open Approach', 131, NULL, NULL),
(134, 'Eziechiele', 4, 'Drainage of Optic Nerve, Percutaneous Endoscopic Approach', 71, NULL, NULL),
(135, 'Hyacinthia', 4, 'Transfer Oculomotor Nerve to Trigeminal Nerve, Open Approach', 51, NULL, NULL),
(136, 'Ximenes', 4, 'Supplement R Trunk Muscle with Synth Sub, Perc Endo Approach', 181, NULL, NULL),
(137, 'Betteanne', 1, 'Bypass Ileum to Cutan with Nonaut Sub, Perc Endo Approach', 27, NULL, NULL),
(138, 'Martica', 3, 'Transfusion of Nonaut Platelets into POC, Circ, Via Opening', 110, NULL, NULL),
(139, 'Welby', 4, 'Supplement L Trunk Muscle w Nonaut Sub, Perc Endo', 78, NULL, NULL),
(140, 'Corri', 3, 'Reposition Occipital-cervical Joint, External Approach', 194, NULL, NULL),
(141, 'Pamela', 5, 'Drainage of Right Foot Vein with Drain Dev, Open Approach', 150, NULL, NULL),
(142, 'Tarah', 4, 'Extirpation of Matter from L Ext Jugular Vein, Open Approach', 80, NULL, NULL),
(143, 'Teri', 4, 'Drainage of Left Foot Artery, Percutaneous Approach, Diagn', 37, NULL, NULL),
(144, 'Tuckie', 1, 'Insertion of Int Fix into Sacrococcygeal Jt, Open Approach', 13, NULL, NULL),
(145, 'Lucy', 1, 'Repair Right Sphenoid Sinus, Percutaneous Approach', 96, NULL, NULL),
(146, 'Willis', 2, 'Bypass L Axilla Art to R Low Leg Art w Autol Art, Open', 143, NULL, NULL),
(147, 'Con', 4, 'Dilation of L Hand Art with 2 Intralum Dev, Open Approach', 101, NULL, NULL),
(148, 'Zebadiah', 3, 'Replacement of Right Tibia with Autol Sub, Open Approach', 130, NULL, NULL),
(149, 'Chelsea', 4, 'Replace of L Hypogast Vein with Nonaut Sub, Open Approach', 182, NULL, NULL),
(150, 'Happy', 3, 'Occlusion of Left Innominate Vein, Open Approach', 200, NULL, NULL),
(151, 'Bonny', 5, 'Release Left Ankle Tendon, Open Approach', 64, NULL, NULL),
(152, 'Valida', 4, 'Release Left Lacrimal Gland, Open Approach', 59, NULL, NULL),
(153, 'Talbert', 2, 'Reposition Left Superior Parathyroid Gland, Open Approach', 71, NULL, NULL),
(154, 'Reginauld', 3, 'Supplement R Shoulder Muscle w Nonaut Sub, Perc Endo', 176, NULL, NULL),
(155, 'Filia', 2, 'Replacement of R Humeral Head with Nonaut Sub, Perc Approach', 74, NULL, NULL),
(156, 'Derk', 3, 'Insert Intralum Dev in R Int Jugular Vein, Perc', 50, NULL, NULL),
(157, 'Maximilien', 3, 'Fluoroscopy of L Low Extrem Art using Oth Contrast', 60, NULL, NULL),
(158, 'Marcelo', 4, 'Destruction of Hymen, Open Approach', 156, NULL, NULL),
(159, 'Dell', 4, 'Replace Post Neck Subcu/Fascia w Autol Sub, Perc', 32, NULL, NULL),
(160, 'Tedda', 4, 'Replace of Low Tooth, Sing, with Synth Sub, Extern Approach', 126, NULL, NULL),
(161, 'Selig', 1, 'Excision of Left Abdomen Muscle, Percutaneous Approach', 17, NULL, NULL),
(162, 'Benedict', 3, 'Reposition Right Thumb Phalanx, Perc Endo Approach', 75, NULL, NULL),
(163, 'Clementina', 3, 'ROM & Jt Mobility Trmt Musculosk Up Back/UE w Prosthesis', 48, NULL, NULL),
(164, 'Francisca', 4, 'HDR Brachytherapy of Jejunum using Oth Isotope', 172, NULL, NULL),
(165, 'Conni', 1, 'HDR Brachytherapy of Abd using Palladium 103', 59, NULL, NULL),
(166, 'Emmeline', 4, 'Excision of Cul-de-sac, Percutaneous Approach', 133, NULL, NULL),
(167, 'Merline', 3, 'Extraction of L Low Arm Subcu/Fascia, Open Approach', 192, NULL, NULL),
(168, 'Coreen', 5, 'Removal of Nonaut Sub from R Low Femur, Open Approach', 32, NULL, NULL),
(169, 'Laurena', 4, 'Transfer Accessory Nerve to Oculomotor Nerve, Open Approach', 16, NULL, NULL),
(170, 'Giustina', 3, 'LDR Brachytherapy of Thorax Lymph using Oth Isotope', 179, NULL, NULL),
(171, 'Vassili', 1, 'Transfer Glossophar Nrv to Abducen Nrv, Open Approach', 184, NULL, NULL),
(172, 'Nona', 5, 'Drainage of L Pleural Cav with Drain Dev, Open Approach', 123, NULL, NULL),
(173, 'Katerine', 3, 'Reposition Left Hand Bursa and Ligament, Perc Endo Approach', 4, NULL, NULL),
(174, 'Lemmie', 2, 'Repair Acoustic Nerve, Open Approach', 40, NULL, NULL),
(175, 'Teressa', 3, 'Removal of Int Fix from L Rib, Perc Endo Approach', 117, NULL, NULL),
(176, 'Daryl', 2, 'Destruction of Left Axillary Lymphatic, Perc Approach', 139, NULL, NULL),
(177, 'Paolina', 3, 'Removal of Infusion Device from Testis, Perc Approach', 100, NULL, NULL),
(178, 'Percival', 5, 'Revision of Infusion Device in R Ankle Jt, Perc Approach', 62, NULL, NULL),
(179, 'Emilio', 5, 'Resection of Liver, Percutaneous Endoscopic Approach', 170, NULL, NULL),
(180, 'Noami', 5, 'Insert Contracept Dev in L Low Arm Subcu/Fascia, Open', 85, NULL, NULL),
(181, 'Cori', 3, 'Detachment at Right Upper Leg, Mid, Open Approach', 52, NULL, NULL),
(182, 'Marquita', 2, 'Dilation of Left Subclavian Vein, Percutaneous Approach', 24, NULL, NULL),
(183, 'Burg', 5, 'Bypass L Int Iliac Art to Foot Art, Perc Endo Approach', 191, NULL, NULL),
(184, 'Jamesy', 3, 'Revision of Synth Sub in L Tympanic Membrane, Via Opening', 139, NULL, NULL),
(185, 'Idell', 3, 'Radiation Therapy, Female Reproductive System, Brachytherapy', 119, NULL, NULL),
(186, 'Tuckie', 2, 'Removal of Nonaut Sub from Tracheobronc Tree, Endo', 147, NULL, NULL),
(187, 'Doralyn', 2, 'Detachment at Left Forequarter, Open Approach', 121, NULL, NULL),
(188, 'Annabelle', 3, 'Bypass R Int Iliac Art to L Int Ilia w Autol Vn, Perc Endo', 111, NULL, NULL),
(189, 'Bettine', 1, 'Destruction of Lumbosacral Plexus, Open Approach', 191, NULL, NULL),
(190, 'Margarethe', 1, 'Repair Right External Auditory Canal, Percutaneous Approach', 82, NULL, NULL),
(191, 'Zechariah', 1, 'Revision of Autol Sub in Up Intest Tract, Perc Endo Approach', 41, NULL, NULL),
(192, 'Cathi', 5, 'Removal of Int Fix from Cerv Jt, Perc Endo Approach', 162, NULL, NULL),
(193, 'Yevette', 2, 'Bypass Left Kidney Pelvis to Bladder, Open Approach', 58, NULL, NULL),
(194, 'Nero', 3, 'Resection of Thymus, Percutaneous Endoscopic Approach', 40, NULL, NULL),
(195, 'Clo', 1, 'Insertion of Int Fix into R Hip Jt, Perc Approach', 100, NULL, NULL),
(196, 'Aveline', 3, 'Transplantation of Thymus, Syngeneic, Open Approach', 137, NULL, NULL),
(197, 'Bentley', 3, 'Remove of Drain Dev from L Sternoclav Jt, Perc Endo Approach', 71, NULL, NULL),
(198, 'Thorin', 3, 'Fragmentation in Left Large Intestine, External Approach', 160, NULL, NULL),
(199, 'Danie', 2, 'Revision of Infusion Device in Pericard Cav, Open Approach', 167, NULL, NULL),
(200, 'Lorenza', 4, 'Drainage of Mesenteric Lymphatic, Percutaneous Approach', 110, NULL, NULL),
(201, 'Delores', 4, 'Release Coccyx, Percutaneous Approach', 126, NULL, NULL),
(202, 'Carny', 2, 'Repair Endocrine System in POC, Open Approach', 167, NULL, NULL),
(203, 'Che', 5, 'Extirpation of Matter from Trachea, Open Approach', 68, NULL, NULL),
(204, 'Laverne', 3, 'Restrict of R Ext Carotid with Extralum Dev, Open Approach', 187, NULL, NULL),
(205, 'Lebbie', 4, 'Release Descending Colon, Via Natural or Artificial Opening', 143, NULL, NULL),
(206, 'Perry', 1, 'Removal of Nonaut Sub from Hepatobil Duct, Via Opening', 71, NULL, NULL),
(207, 'Bjorn', 4, 'Drainage of L Wrist Bursa/Lig, Perc Endo Approach, Diagn', 106, NULL, NULL),
(208, 'Tuesday', 1, 'Alteration of L Shoulder with Autol Sub, Perc Approach', 143, NULL, NULL),
(209, 'Christyna', 1, 'Removal of Autol Sub from L Humeral Head, Perc Approach', 185, NULL, NULL),
(210, 'Augusta', 5, 'Replacement of R Verteb Art with Autol Sub, Open Approach', 118, NULL, NULL),
(211, 'Cristionna', 1, 'Inspection of Uterus and Cervix, External Approach', 186, NULL, NULL),
(212, 'Lilly', 1, 'Revision of Radioact Elem in Mediastinum, Perc Endo Approach', 112, NULL, NULL),
(213, 'Norah', 4, 'Bypass 4+ Cor Art from Abd Art w Nonaut Sub, Perc Endo', 14, NULL, NULL),
(214, 'Magdalena', 4, 'Supplement Large Intestine with Autol Sub, Open Approach', 106, NULL, NULL),
(215, 'Sydney', 3, 'Bypass R Ventricle to Pulm Trunk w Synth Sub, Perc Endo', 98, NULL, NULL),
(216, 'Twyla', 2, 'Supplement L Thorax Bursa/Lig w Synth Sub, Perc Endo', 101, NULL, NULL),
(217, 'Corney', 2, 'Supplement R Up Leg Subcu/Fascia w Synth Sub, Open', 198, NULL, NULL),
(218, 'Florette', 3, 'HDR Brachytherapy of Thyroid using Iridium 192', 145, NULL, NULL),
(219, 'Svend', 5, 'Removal of Drain Dev from L Low Extrem, Extern Approach', 184, NULL, NULL),
(220, 'Ethelin', 5, 'Replacement of Left Metacarpal with Synth Sub, Perc Approach', 22, NULL, NULL),
(221, 'Randy', 3, 'Repair Right Lower Lobe Bronchus, Endo', 33, NULL, NULL),
(222, 'Cchaddie', 2, 'Insertion of Intralum Dev into R Pulm Vein, Perc Approach', 187, NULL, NULL),
(223, 'Pammi', 3, 'Drainage of Sternum with Drainage Device, Perc Approach', 133, NULL, NULL),
(224, 'Ludovika', 4, 'Removal of Intraluminal Device from Ureter, Extern Approach', 194, NULL, NULL),
(225, 'Allan', 4, 'Repair Left Clavicle, Percutaneous Endoscopic Approach', 191, NULL, NULL),
(226, 'Henderson', 1, 'Supplement R Zygomatic Bone w Autol Sub, Perc Endo', 183, NULL, NULL),
(227, 'Christophe', 3, 'Insertion of Infusion Device into L Foot Art, Perc Approach', 95, NULL, NULL),
(228, 'Paulie', 5, 'Dilation of Right Axillary Vein, Open Approach', 130, NULL, NULL),
(229, 'Kimberley', 2, 'Insertion of Infusion Device into Ileum, Via Opening', 146, NULL, NULL),
(230, 'Tallia', 5, 'Transplantation of R Up Lung Lobe, Allogen, Open Approach', 67, NULL, NULL),
(231, 'Deck', 2, 'Replace L Up Arm Tendon w Synth Sub, Perc Endo', 72, NULL, NULL),
(232, 'Alexandros', 2, 'Repair Sternum, Percutaneous Endoscopic Approach', 161, NULL, NULL),
(233, 'Les', 4, 'Dilation of Left Renal Artery, Bifurcation, Perc Approach', 40, NULL, NULL),
(234, 'Myrwyn', 1, 'Removal of Drainage Device from L Carpal Jt, Extern Approach', 173, NULL, NULL),
(235, 'Antonino', 3, 'Bypass 4+ Cor Art from Abd Art, Open Approach', 181, NULL, NULL),
(236, 'Vita', 5, 'Extirpation of Matter from R Innom Vein, Open Approach', 169, NULL, NULL),
(237, 'Colan', 2, 'HDR Brachytherapy of Pituitary Gland using Palladium 103', 27, NULL, NULL),
(238, 'Eloisa', 3, 'Plain Radiography of Bi Fallop Tube using Oth Contrast', 103, NULL, NULL),
(239, 'Catha', 2, 'Dilation of Left Foot Artery, Perc Endo Approach', 127, NULL, NULL),
(240, 'Angelico', 5, 'Drainage of Left Temporal Artery, Percutaneous Approach', 9, NULL, NULL),
(241, 'Antonio', 4, 'Drainage of Left Popliteal Artery, Percutaneous Approach', 95, NULL, NULL),
(242, 'Codi', 4, 'Reposition Right Palatine Bone with Int Fix, Perc Approach', 132, NULL, NULL),
(243, 'Ida', 5, 'Inspection of Thyroid Gland, Perc Endo Approach', 147, NULL, NULL),
(244, 'Stephani', 2, 'MRI of Pregnant Uterus using Oth Contrast, Unenh, Enhance', 134, NULL, NULL),
(245, 'Emyle', 3, 'Release Thalamus, Percutaneous Endoscopic Approach', 157, NULL, NULL),
(246, 'Nikolaus', 2, 'Repair Right Ring Finger, Percutaneous Approach', 88, NULL, NULL),
(247, 'Puff', 4, 'Transfer Facial Nerve to Accessory Nerve, Open Approach', 11, NULL, NULL),
(248, 'Beatrice', 5, 'Removal of Synth Sub from R Humeral Head, Perc Approach', 73, NULL, NULL),
(249, 'Rabbi', 1, 'Release Right Tunica Vaginalis, Percutaneous Approach', 192, NULL, NULL),
(250, 'Boy', 4, 'Introduce of Oth Thrombolytic into Periph Art, Perc Approach', 128, NULL, NULL),
(251, 'Obadiah', 2, 'Repair Right Upper Arm Muscle, Perc Endo Approach', 57, NULL, NULL),
(252, 'Marv', 1, 'Insertion of Int Fix into Occip Jt, Perc Approach', 99, NULL, NULL),
(253, 'Christiano', 2, 'Supplement Prepuce with Synth Sub, Perc Endo Approach', 138, NULL, NULL),
(254, 'Benedetta', 1, 'Removal of Infusion Device from Neck, Percutaneous Approach', 50, NULL, NULL),
(255, 'Vittorio', 4, 'Release Thoracic Aorta, Descending, Perc Endo Approach', 54, NULL, NULL),
(256, 'Royall', 2, 'Meds Mgmt for Substance Abuse Treatment, Clonidine', 131, NULL, NULL),
(257, 'Sib', 4, 'Dilation of Left Vertebral Artery, Bifurc, Open Approach', 121, NULL, NULL),
(258, 'Pren', 4, 'Supplement Asc Colon with Autol Sub, Perc Endo Approach', 96, NULL, NULL),
(259, 'Jonie', 4, 'Release Esophagogastric Junction, Perc Endo Approach', 78, NULL, NULL),
(260, 'Conrado', 3, 'Drainage of Right Upper Arm Muscle, Open Approach', 63, NULL, NULL),
(261, 'Katey', 5, 'Extirpation of Matter from Left Knee Joint, Open Approach', 100, NULL, NULL),
(262, 'Jenda', 3, 'LDR Brachytherapy of Nasopharynx using Cesium 137', 113, NULL, NULL),
(263, 'Bill', 2, 'Repair Right Ventricle, Percutaneous Endoscopic Approach', 152, NULL, NULL),
(264, 'Mort', 4, 'Drainage of L Low Arm & Wrist Muscle, Perc Endo Approach', 107, NULL, NULL),
(265, 'Jacquenetta', 1, 'Bypass Left Vas Deferens to Left Vas Deferens, Open Approach', 16, NULL, NULL),
(266, 'Gordie', 3, 'Tomo Nucl Med Imag of Chest using Iodine 131', 10, NULL, NULL),
(267, 'Brande', 5, 'Removal of Ext Fix from L Elbow Jt, Extern Approach', 115, NULL, NULL),
(268, 'Jobey', 2, 'Restrict of L Parotid Duct with Extralum Dev, Open Approach', 164, NULL, NULL),
(269, 'Kalindi', 1, 'Caregiver Train in Applic/Use/Care Prosthesis w Assist Equip', 143, NULL, NULL),
(270, 'Jana', 3, 'Extraction of Oculomotor Nerve, Percutaneous Approach', 156, NULL, NULL),
(271, 'Tracee', 4, 'Fusion of R Metacarpocarp Jt with Autol Sub, Perc Approach', 135, NULL, NULL),
(272, 'Wit', 4, 'Repair Left Parietal Bone, Open Approach', 101, NULL, NULL),
(273, 'Kylen', 2, 'Excision of R Abd Bursa/Lig, Perc Approach, Diagn', 67, NULL, NULL),
(274, 'Pooh', 1, 'Excision of Uterus, Open Approach', 39, NULL, NULL),
(275, 'Paolo', 3, 'Supplement Left Knee Tendon with Synth Sub, Open Approach', 80, NULL, NULL),
(276, 'Jarrett', 1, 'Computerized Tomography (CT Scan) of Left Scapula', 30, NULL, NULL),
(277, 'Giles', 2, 'Removal of Spacer from L Sacroiliac Jt, Perc Endo Approach', 20, NULL, NULL),
(278, 'Tanhya', 1, 'CT Scan of L Sternoclav Jt using Oth Contrast', 36, NULL, NULL),
(279, 'Clerc', 5, 'Excision of Left Lens, Percutaneous Approach', 70, NULL, NULL),
(280, 'Issiah', 4, 'Occlusion of R Post Tib Art with Intralum Dev, Perc Approach', 120, NULL, NULL),
(281, 'Agna', 1, 'Wound Mgmt Treatment of Integu Body using Assist Equipment', 133, NULL, NULL),
(282, 'Tedie', 1, 'Destruction of Pituitary Gland, Open Approach', 66, NULL, NULL),
(283, 'Julina', 5, 'Vocation/Commun Treatment using Mech Equipment', 158, NULL, NULL),
(284, 'Alejandra', 2, 'Fusion Lum Jt w Intbd Fus Dev, Ant Appr A Col, Perc Endo', 120, NULL, NULL),
(285, 'Muire', 1, 'Introduce Oth Anti-infect in Skin/Mucous Mem, Extern', 186, NULL, NULL),
(286, 'Erminia', 5, 'Drainage of Mediastinum, Open Approach, Diagnostic', 50, NULL, NULL),
(287, 'Miguela', 3, 'Replacement of Hyoid Bone with Autol Sub, Perc Approach', 3, NULL, NULL),
(288, 'Standford', 2, 'Removal of Autol Sub from Low Art, Perc Endo Approach', 82, NULL, NULL),
(289, 'Agnesse', 5, 'Destruction of Occipital-cervical Joint, Perc Approach', 199, NULL, NULL),
(290, 'Guilbert', 1, 'Excision of Coccygeal Glomus, Percutaneous Approach, Diagn', 24, NULL, NULL),
(291, 'Halsey', 3, 'Restrict Intracran Art w Intralum Dev, Perc Endo', 156, NULL, NULL),
(292, 'Lilith', 3, 'Dilate 4+ Cor Art, Bifurc, w Drug-elut Intra, Open', 51, NULL, NULL),
(293, 'Tailor', 3, 'Destruction of Left Subclavian Artery, Percutaneous Approach', 83, NULL, NULL),
(294, 'Bunni', 1, 'Repair Gastrointestinal System in POC, Via Opening', 142, NULL, NULL),
(295, 'Eziechiele', 3, 'Dilate of R Mid Lobe Bronc with Intralum Dev, Perc Approach', 181, NULL, NULL),
(296, 'Joleen', 3, 'Supplement Right Tarsal with Autol Sub, Perc Approach', 188, NULL, NULL),
(297, 'Ker', 3, 'Occlusion of R Renal Vein with Intralum Dev, Open Approach', 4, NULL, NULL),
(298, 'Cordi', 5, 'Replacement of Right Atrium with Autol Sub, Open Approach', 73, NULL, NULL),
(299, 'Aylmar', 3, 'Drainage of Coccygeal Joint, Open Approach', 32, NULL, NULL),
(300, 'Ajay', 5, 'Restriction of Right Colic Artery, Perc Endo Approach', 100, NULL, NULL),
(301, 'Anabal', 5, 'Introduction of Analg/Hypnot/Sedat into Ear, Extern Approach', 36, NULL, NULL),
(302, 'Dorisa', 4, 'CT Scan of R Hand using H Osm Contrast', 32, NULL, NULL),
(303, 'Mariel', 5, 'Drainage of Left Metatarsal-Tarsal Joint, Perc Endo Approach', 161, NULL, NULL),
(304, 'Hugibert', 5, 'Fusion 2-6 C Jt w Autol Sub, Post Appr P Col, Perc', 53, NULL, NULL),
(305, 'Elvira', 2, 'Drainage of Right Innominate Vein, Percutaneous Approach', 143, NULL, NULL),
(306, 'Nessie', 3, 'Insertion of Infusion Device into Pancreat Duct, Via Opening', 92, NULL, NULL),
(307, 'Natassia', 5, 'Restriction of L Radial Art with Extralum Dev, Open Approach', 5, NULL, NULL),
(308, 'Bruis', 4, 'Bypass 3 Cor Art from Cor V w Intralum Dev, Perc Endo', 143, NULL, NULL),
(309, 'Lockwood', 5, 'Release Right Kidney, Percutaneous Approach', 77, NULL, NULL),
(310, 'Christa', 3, 'Repair Left Upper Arm, Percutaneous Approach', 66, NULL, NULL),
(311, 'Raeann', 2, 'Drainage of Left Fallopian Tube, Open Approach, Diagnostic', 63, NULL, NULL),
(312, 'Letisha', 2, 'Dilate R Int Iliac Art, Bifurc, w 3 Drug-elut, Open', 174, NULL, NULL),
(313, 'Serge', 2, 'Bypass L Ext Iliac Art to B Femor A w Synth Sub, Open', 51, NULL, NULL),
(314, 'Larissa', 5, 'Drainage of Left Foot Muscle, Perc Endo Approach', 182, NULL, NULL),
(315, 'Romain', 2, 'Drainage of Left Mastoid Sinus with Drain Dev, Perc Approach', 49, NULL, NULL),
(316, 'Reed', 1, 'Drain of L Less Saphenous with Drain Dev, Perc Endo Approach', 25, NULL, NULL),
(317, 'Binnie', 5, 'Dilation of Left Femoral Artery, Bifurc, Perc Endo Approach', 198, NULL, NULL),
(318, 'Nadiya', 5, 'Dilate L Fem Art, Bifurc, w 2 Intralum Dev, Open', 57, NULL, NULL),
(319, 'Ruy', 2, 'Remove Autol Sub from L Temporomandib Jt, Perc Endo', 147, NULL, NULL),
(320, 'Rolfe', 5, 'Repair Radial Nerve, Percutaneous Approach', 45, NULL, NULL),
(321, 'Talya', 2, 'Removal of Synth Sub from R Acromioclav Jt, Open Approach', 103, NULL, NULL),
(322, 'Natal', 5, 'Extirpation of Matter from Left Lung, Endo', 16, NULL, NULL),
(323, 'Dusty', 3, 'Measurement of Intracranial Saturation, Via Opening', 51, NULL, NULL),
(324, 'Gussy', 3, 'Occlusion L Up Extrem Lymph w Intralum Dev, Perc Endo', 58, NULL, NULL),
(325, 'Nap', 2, 'Destruction of Lesser Omentum, Perc Endo Approach', 49, NULL, NULL),
(326, 'Verge', 1, 'Supplement L Ext Carotid with Nonaut Sub, Open Approach', 96, NULL, NULL),
(327, 'Dominica', 2, 'Stereotactic Other Photon Radiosurgery of Urethra', 179, NULL, NULL),
(328, 'Lamond', 3, 'Introduce Human B-type Peptide in Central Art, Perc', 62, NULL, NULL),
(329, 'Brett', 5, 'Restriction of Urethra with Extralum Dev, Perc Endo Approach', 129, NULL, NULL),
(330, 'Janean', 5, 'Supplement Radial Nerve with Autol Sub, Perc Endo Approach', 184, NULL, NULL),
(331, 'Danila', 4, 'LDR Brachytherapy of Cervix using Iridium 192', 94, NULL, NULL),
(332, 'Lenette', 4, 'Insertion of Radioactive Element into L Elbow, Perc Approach', 99, NULL, NULL),
(333, 'Agustin', 5, 'Dilate R Thyroid Art, Bifurc, w Drug-elut Intra, Perc', 56, NULL, NULL),
(334, 'Der', 3, 'Dilate R Ext Iliac Art, Bifurc, w 4+ Intralum Dev, Perc Endo', 192, NULL, NULL),
(335, 'Dicky', 3, 'Dilation of 1 Cor Art with 3 Drug-elut, Perc Endo Approach', 121, NULL, NULL),
(336, 'Violette', 4, 'Excision of Left Large Intestine, Perc Endo Approach', 20, NULL, NULL),
(337, 'Harrietta', 5, 'Drainage of Right Greater Saphenous Vein, Perc Endo Approach', 117, NULL, NULL),
(338, 'Arman', 3, 'Tomo Nucl Med Imag of Pelvis using Technetium 99m', 189, NULL, NULL),
(339, 'Vicki', 4, 'Bypass Bilateral Ureters to Bladder, Open Approach', 151, NULL, NULL),
(340, 'Stanford', 5, 'Drainage of R Metatarsophal Jt, Perc Endo Approach', 136, NULL, NULL),
(341, 'Crichton', 5, 'Repair Right Axillary Artery, Percutaneous Approach', 54, NULL, NULL),
(342, 'Erminie', 2, 'Insertion of Spacer into R Ankle Jt, Perc Endo Approach', 119, NULL, NULL),
(343, 'Corri', 4, 'Extirpation of Matter from Bilateral Breast, Via Opening', 46, NULL, NULL),
(344, 'Val', 1, 'Reposition L Low Femur w Monopln Ext Fix, Perc Endo', 10, NULL, NULL),
(345, 'Joshia', 1, 'Revision of Drainage Device in L Wrist Jt, Open Approach', 89, NULL, NULL),
(346, 'Alva', 4, 'Excision of Right Upper Arm, Perc Endo Approach', 142, NULL, NULL),
(347, 'Dolli', 3, 'Insertion of Infusion Device into R Low Leg, Open Approach', 3, NULL, NULL),
(348, 'Eleonora', 2, 'Dilation of Up Art, Bifurc, with 2 Drug-elut, Open Approach', 102, NULL, NULL),
(349, 'Braden', 4, 'Transfer Buttock Subcu/Fascia w Skin, Subcu, Open', 93, NULL, NULL),
(350, 'Herman', 4, 'Revision of Ext Fix in R Tibia, Extern Approach', 164, NULL, NULL),
(351, 'Svend', 5, 'Restriction of Jejunum with Intralum Dev, Perc Endo Approach', 155, NULL, NULL),
(352, 'Christin', 5, 'Bypass Left Hypogastric Vein to Low Vein, Perc Endo Approach', 10, NULL, NULL),
(353, 'Jessamine', 1, 'Destruction of Left Ethmoid Sinus, Open Approach', 96, NULL, NULL),
(354, 'Katrina', 5, 'Bypass Right Popliteal Artery to Low Ex Art, Open Approach', 149, NULL, NULL),
(355, 'Paquito', 5, 'Destruction of Left Submaxillary Gland, Perc Approach', 84, NULL, NULL),
(356, 'Julie', 2, 'Extirpation of Matter from Right Atrium, Open Approach', 94, NULL, NULL),
(357, 'Gwendolin', 2, 'Release Left Femoral Artery, Perc Endo Approach', 10, NULL, NULL),
(358, 'Abel', 4, 'Restriction of Stomach, Pylrs with Intralum Dev, Via Opening', 85, NULL, NULL),
(359, 'Yancy', 4, 'Inspection of Right Temporomandibular Joint, Open Approach', 16, NULL, NULL),
(360, 'Dieter', 4, 'Repair Inferior Vena Cava, Open Approach', 79, NULL, NULL),
(361, 'Deni', 2, 'Repair Glomus Jugulare, Percutaneous Approach', 6, NULL, NULL),
(362, 'Bev', 1, 'Removal of Infusion Device from Bladder, Perc Endo Approach', 91, NULL, NULL),
(363, 'Elset', 5, 'Reposition Left Metatarsal-Phalangeal Joint, Open Approach', 200, NULL, NULL),
(364, 'Harwell', 1, 'Replacement of Left Scapula with Autol Sub, Open Approach', 71, NULL, NULL),
(365, 'Bradly', 4, 'Removal of Drainage Device from C-thor Disc, Extern Approach', 14, NULL, NULL),
(366, 'Ivette', 3, 'Dilate of L Foot Art with 3 Intralum Dev, Perc Endo Approach', 165, NULL, NULL),
(367, 'Stefanie', 5, 'Dilation of L Thyroid Art with 3 Intralum Dev, Open Approach', 91, NULL, NULL),
(368, 'Wendel', 3, 'Release R Shoulder Bursa/Lig, Perc Endo Approach', 20, NULL, NULL),
(369, 'Lenora', 5, 'Stereotactic Particulate Radiosurgery of Pleura', 29, NULL, NULL),
(370, 'Kristofer', 4, 'Drainage of Bladder, Via Natural or Artificial Opening', 23, NULL, NULL),
(371, 'Devy', 4, 'Revision of Nonaut Sub in R Rib, Extern Approach', 44, NULL, NULL),
(372, 'Brigid', 5, 'Removal of Nonaut Sub from Larynx, Perc Approach', 2, NULL, NULL),
(373, 'Davy', 1, 'Fusion 2-7 T Jt w Synth Sub, Post Appr A Col, Open', 53, NULL, NULL),
(374, 'Hanna', 1, 'HDR Brachytherapy of R Breast using Californium 252', 101, NULL, NULL),
(375, 'Phillipe', 5, 'Supplement L Up Arm Subcu/Fascia w Synth Sub, Open', 147, NULL, NULL),
(376, 'Jerrie', 3, 'Extraction of Right Vocal Cord, Percutaneous Approach', 37, NULL, NULL),
(377, 'Federica', 1, 'Repair Right Foot Vein, Percutaneous Approach', 28, NULL, NULL),
(378, 'Julie', 4, 'Dilation of R Ulnar Art with 4 Drug-elut, Perc Endo Approach', 156, NULL, NULL),
(379, 'Grenville', 4, 'Measurement of Respiratory Volume, External Approach', 113, NULL, NULL),
(380, 'Cate', 4, 'Removal of Int Fix from R Rib, Open Approach', 41, NULL, NULL),
(381, 'Matthus', 1, 'Dilate L Com Carotid, Bifurc, w 2 Drug-elut, Perc Endo', 8, NULL, NULL),
(382, 'Cecelia', 2, 'Insert of Infusion Dev into L Hand Vein, Perc Endo Approach', 102, NULL, NULL),
(383, 'Jeremy', 5, 'Replace of Esophageal Vein with Nonaut Sub, Open Approach', 39, NULL, NULL),
(384, 'Carce', 4, 'Dilate L Hand Art, Bifurc, w 2 Intralum Dev, Perc Endo', 30, NULL, NULL),
(385, 'Reuven', 5, 'Fusion Cerv Jt w Autol Sub, Ant Appr A Col, Open', 70, NULL, NULL),
(386, 'Britte', 5, 'Dilate R Brach Art, Bifurc, w 2 Intralum Dev, Open', 142, NULL, NULL),
(387, 'Jessey', 2, 'Replace of R Radial Art with Synth Sub, Perc Endo Approach', 162, NULL, NULL),
(388, 'Caroline', 5, 'Control Bleeding in Head, Percutaneous Approach', 54, NULL, NULL),
(389, 'Mattie', 2, 'Reposition Left Upper Femur with Ring Ext Fix, Open Approach', 52, NULL, NULL),
(390, 'Currey', 2, 'Excision of L Thorax Bursa/Lig, Open Approach, Diagn', 27, NULL, NULL),
(391, 'Chris', 2, 'Repair Left Index Finger, Percutaneous Approach', 67, NULL, NULL),
(392, 'Audrie', 1, 'Restrict of R Ext Carotid with Intralum Dev, Open Approach', 71, NULL, NULL),
(393, 'Emmy', 1, 'Replacement of L Up Eyelid with Synth Sub, Extern Approach', 152, NULL, NULL),
(394, 'Nessy', 4, 'Excision of Bilateral Carotid Bodies, Open Approach, Diagn', 136, NULL, NULL),
(395, 'Nady', 5, 'Replacement of Right Carpal with Nonaut Sub, Perc Approach', 167, NULL, NULL),
(396, 'Lea', 2, 'Introduction of Liquid Brachy into Low GI, Endo', 111, NULL, NULL),
(397, 'Quill', 4, 'Fusion of Right Elbow Joint with Ext Fix, Perc Approach', 32, NULL, NULL),
(398, 'Rex', 5, 'Insertion of Infusion Device into Left Hand, Perc Approach', 58, NULL, NULL),
(399, 'Dorothea', 3, 'Removal of Drainage Device from Pleura, External Approach', 23, NULL, NULL),
(400, 'Zebadiah', 1, 'Plain Radiography of Left Femur', 188, NULL, NULL),
(401, 'Gualterio', 5, 'Bypass R Ventricle to L Pulm Art w Autol Art, Perc Endo', 185, NULL, NULL),
(402, 'Ara', 2, 'Removal of Int Fix from R Finger Phalanx Jt, Perc Approach', 2, NULL, NULL),
(403, 'Abigale', 3, 'Hyperthermia of Mouth', 89, NULL, NULL),
(404, 'Chauncey', 2, 'Fluoroscopy of Right Knee', 161, NULL, NULL),
(405, 'Sheba', 5, 'Plain Radiography of L Hand/Finger Jt using L Osm Contrast', 200, NULL, NULL),
(406, 'Sophie', 5, 'Drainage of Right Trunk Muscle, Open Approach', 35, NULL, NULL),
(407, 'Vladamir', 2, 'Dilate R Ext Carotid, Bifurc, w 3 Intralum Dev, Open', 173, NULL, NULL),
(408, 'Isidor', 3, 'Division of Right Lacrimal Bone, Percutaneous Approach', 165, NULL, NULL),
(409, 'Juana', 4, 'Removal of Infusion Dev from T-lum Disc, Perc Endo Approach', 162, NULL, NULL),
(410, 'Rafaela', 4, 'Dilation of 1 Cor Art, Bifurc, Open Approach', 75, NULL, NULL),
(411, 'Jacques', 2, 'Supplement L Temporal Art w Nonaut Sub, Perc Endo', 5, NULL, NULL),
(412, 'Jordan', 5, 'Drainage of Right Kidney Pelvis, Via Opening, Diagn', 151, NULL, NULL),
(413, 'Kare', 4, 'Revision of Intraluminal Device in Ureter, Via Opening', 200, NULL, NULL),
(414, 'Alexi', 1, 'Occlusion of Left Renal Artery, Percutaneous Approach', 46, NULL, NULL),
(415, 'Zia', 5, 'Removal of Ext Fix from L Radius, Open Approach', 74, NULL, NULL),
(416, 'Clarice', 2, 'Drainage of Upper Back with Drainage Device, Perc Approach', 68, NULL, NULL),
(417, 'Susie', 5, 'Extirpation of Matter from L Pleural Cav, Perc Endo Approach', 14, NULL, NULL),
(418, 'Berk', 5, 'Control Bleeding in Right Upper Leg, Perc Endo Approach', 15, NULL, NULL),
(419, 'Michal', 4, 'Upper Veins, Inspection', 77, NULL, NULL),
(420, 'Cyrus', 1, 'Excision of Tricuspid Valve, Percutaneous Approach', 48, NULL, NULL),
(421, 'Alexandra', 3, 'Reposition Cervical Nerve, Open Approach', 123, NULL, NULL),
(422, 'Hieronymus', 2, 'Removal of Ext Fix from R Knee Jt, Perc Endo Approach', 158, NULL, NULL),
(423, 'Alberto', 1, 'Drainage of Right Eustachian Tube, Perc Approach, Diagn', 50, NULL, NULL),
(424, 'Kessiah', 3, 'Supplement Thor Jt with Nonaut Sub, Perc Endo Approach', 4, NULL, NULL),
(425, 'Guntar', 5, 'Revision of Synthetic Substitute in Urethra, Via Opening', 107, NULL, NULL),
(426, 'Tuesday', 1, 'Division of Lumbar Nerve, Percutaneous Approach', 98, NULL, NULL),
(427, 'Moira', 5, 'Repair Right Toe Phalanx, Open Approach', 15, NULL, NULL),
(428, 'Curtice', 4, 'Measurement of Urinary Volume, Via Opening', 188, NULL, NULL),
(429, 'Christophorus', 4, 'Insertion of Int Fix into R Carpal Jt, Perc Approach', 102, NULL, NULL),
(430, 'Doralia', 5, 'Excision of Atrial Septum, Percutaneous Approach', 62, NULL, NULL),
(431, 'Ripley', 1, 'Dilate R Colic Art, Bifurc, w 2 Intralum Dev, Perc', 66, NULL, NULL),
(432, 'Karita', 3, 'Dilation of Urethra, Percutaneous Approach', 79, NULL, NULL),
(433, 'Christoper', 5, 'Magnetic Resonance Imaging (MRI) of Left Patella', 109, NULL, NULL),
(434, 'Morty', 3, 'Reposition Right Ulnar Artery, Open Approach', 187, NULL, NULL),
(435, 'Jud', 1, 'Revision of Synth Sub in Great Vessel, Perc Endo Approach', 12, NULL, NULL),
(436, 'Dayna', 2, 'Bypass L Kidney Pelvis to R Ureter w Nonaut Sub, Perc Endo', 25, NULL, NULL),
(437, 'Sophi', 4, 'ROM & Jt Mobility Treatment of Integu Low Back/LE', 87, NULL, NULL),
(438, 'Judas', 2, 'Resection of Left Ankle Bursa and Ligament, Open Approach', 92, NULL, NULL),
(439, 'Julie', 1, 'Control Bleeding in Oral Cavity and Throat, Open Approach', 172, NULL, NULL),
(440, 'Lowrance', 3, 'Supplement Right Tarsal with Autol Sub, Open Approach', 16, NULL, NULL),
(441, 'Paulina', 3, 'Replacement of L Lacrml Duct with Nonaut Sub, Perc Approach', 125, NULL, NULL),
(442, 'Beck', 5, 'Extirpation of Matter from Acoust Nrv, Perc Endo Approach', 12, NULL, NULL),
(443, 'Renaud', 1, 'Revision of Autol Sub in Sacrum, Open Approach', 56, NULL, NULL),
(444, 'Rhys', 5, 'Introduction of Anti-inflammatory into Upper GI, Via Opening', 40, NULL, NULL),
(445, 'Biron', 4, 'Revision of Autol Sub in L Ulna, Extern Approach', 81, NULL, NULL),
(446, 'Davon', 3, 'Replacement of L Low Femur with Autol Sub, Perc Approach', 134, NULL, NULL),
(447, 'Vin', 5, 'Occlusion R Cephalic Vein w Intralum Dev, Perc Endo', 109, NULL, NULL),
(448, 'Erika', 5, 'Excision of Celiac Artery, Open Approach', 156, NULL, NULL),
(449, 'Elden', 3, 'Removal of Intraluminal Device from Trachea, Via Opening', 48, NULL, NULL),
(450, 'Norby', 4, 'Release Thoracolumbar Vertebral Disc, Open Approach', 19, NULL, NULL),
(451, 'Estell', 3, 'Excision of Thoracic Duct, Open Approach, Diagnostic', 171, NULL, NULL),
(452, 'Valentia', 1, 'Release Left Metatarsal, Percutaneous Approach', 91, NULL, NULL),
(453, 'Donnell', 5, 'Removal of Synth Sub from R Ankle Jt, Open Approach', 160, NULL, NULL),
(454, 'Annalee', 5, 'Fusion of L Sternoclav Jt with Int Fix, Perc Endo Approach', 72, NULL, NULL),
(455, 'Tammie', 4, 'Supplement Left Patella with Autol Sub, Open Approach', 108, NULL, NULL),
(456, 'Ferguson', 5, 'Bypass R Com Iliac Art to R Ext Ilia w Synth Sub, Open', 22, NULL, NULL),
(457, 'Merrielle', 5, 'Alteration of R Shoulder with Synth Sub, Perc Approach', 77, NULL, NULL),
(458, 'Cullan', 5, 'Release Acoustic Nerve, Open Approach', 134, NULL, NULL),
(459, 'Rasla', 5, 'Reattachment of R Hand Bursa/Lig, Perc Endo Approach', 150, NULL, NULL),
(460, 'Fae', 2, 'Reposition Left Knee Joint, Percutaneous Endoscopic Approach', 58, NULL, NULL),
(461, 'Herbie', 2, 'Drainage of R Foot Tendon with Drain Dev, Perc Endo Approach', 89, NULL, NULL),
(462, 'Jorie', 2, 'Transfuse Allo Unr Hemat Stem Cell in Periph Vein, Open', 39, NULL, NULL),
(463, 'Spike', 5, 'Stereotactic Other Photon Radiosurgery of Axilla Lymph', 86, NULL, NULL),
(464, 'Roshelle', 2, 'Drainage of Right Zygomatic Bone, Open Approach, Diagnostic', 151, NULL, NULL),
(465, 'Hoyt', 3, 'Remove of Drain Dev from R Metacarpophal Jt, Extern Approach', 127, NULL, NULL),
(466, 'Gratiana', 2, 'Drainage of Left Brachial Artery, Open Approach, Diagnostic', 155, NULL, NULL),
(467, 'Izaak', 5, 'MRI of Bi Testicle using Oth Contrast', 4, NULL, NULL),
(468, 'Consolata', 1, 'Revision of Nonaut Sub in C-thor Jt, Perc Endo Approach', 80, NULL, NULL),
(469, 'Remy', 2, 'Insertion of Intralum Dev into L Ant Tib Art, Perc Approach', 56, NULL, NULL),
(470, 'Aksel', 2, 'Drainage of Left Shoulder Region, Perc Endo Approach', 110, NULL, NULL),
(471, 'Nevin', 1, 'Extraction of Pelvic Subcu/Fascia, Open Approach', 132, NULL, NULL),
(472, 'Margot', 5, 'Resection of Clitoris, External Approach', 156, NULL, NULL),
(473, 'Correna', 4, 'Revision of Drainage Device in R Carpal Jt, Perc Approach', 129, NULL, NULL),
(474, 'Gilda', 4, 'Planar Nuclear Medicine Imaging of Blood using Indium 111', 37, NULL, NULL),
(475, 'Opalina', 3, 'Drainage of Right Vertebral Artery, Perc Approach, Diagn', 151, NULL, NULL),
(476, 'Craggy', 2, 'Removal of Nonaut Sub from R Ulna, Perc Endo Approach', 173, NULL, NULL),
(477, 'Emmy', 3, 'Restriction of L Radial Art with Intralum Dev, Open Approach', 128, NULL, NULL),
(478, 'Kort', 1, 'Insertion of Ext Fix into L Patella, Perc Endo Approach', 141, NULL, NULL),
(479, 'Benedicto', 2, 'Restriction of Cervix, Percutaneous Endoscopic Approach', 19, NULL, NULL),
(480, 'Piper', 5, 'Drainage of Pharynx, Open Approach, Diagnostic', 46, NULL, NULL),
(481, 'Teddi', 3, 'Drainage of Left Inguinal Lymphatic, Open Approach', 104, NULL, NULL),
(482, 'Kynthia', 5, 'Drainage of Right Rib, Percutaneous Approach, Diagnostic', 79, NULL, NULL),
(483, 'Torrance', 3, 'Excision of Nasal Turbinate, Via Opening, Diagn', 187, NULL, NULL),
(484, 'Lynnette', 1, 'Dilate R Post Tib Art, Bifurc, w 3 Intralum Dev, Open', 105, NULL, NULL),
(485, 'Saunder', 5, 'Release Left Hip Tendon, External Approach', 103, NULL, NULL),
(486, 'Gustaf', 5, 'Repair Perineum Muscle, Percutaneous Approach', 118, NULL, NULL),
(487, 'Lizzy', 1, 'Bypass L Femor Vein to Low Vein w Autol Sub, Perc Endo', 74, NULL, NULL),
(488, 'Marlena', 4, 'Destruction of Right Eustachian Tube, Via Opening', 79, NULL, NULL),
(489, 'Saloma', 1, 'Compression of Back using Pressure Dressing', 120, NULL, NULL),
(490, 'Joellen', 5, 'Contact Radiation of Spinal Cord', 59, NULL, NULL),
(491, 'Deni', 5, 'Revise VAD Reservoir in Low Extrem Subcu/Fascia, Open', 111, NULL, NULL),
(492, 'Umberto', 4, 'Reposition Left Pelvic Bone with Int Fix, Open Approach', 190, NULL, NULL),
(493, 'Nani', 2, 'Removal of Nonautologous Tissue Substitute from Kidney, Endo', 55, NULL, NULL),
(494, 'Hervey', 3, 'Excision of Aortic Lymphatic, Perc Endo Approach', 109, NULL, NULL),
(495, 'Nedi', 2, 'Extirpation of Matter from Pulmonary Trunk, Perc Approach', 161, NULL, NULL),
(496, 'Barry', 4, 'Repair Left Hand Muscle, Percutaneous Endoscopic Approach', 34, NULL, NULL),
(497, 'Brittney', 5, 'Fragmentation in Right Pleural Cavity, Perc Endo Approach', 177, NULL, NULL),
(498, 'Cicily', 4, 'Swallowing Dysfunction Treatment', 12, NULL, NULL),
(499, 'Tiena', 3, 'Introduction of Destr Agent into Central Art, Perc Approach', 22, NULL, NULL),
(500, 'Berni', 3, 'Drainage of Head & Neck Tendon with Drain Dev, Open Approach', 51, NULL, NULL);


/*!40101 SET SQL_MODE=@OLD_SQL_MODE */;
/*!40014 SET FOREIGN_KEY_CHECKS=@OLD_FOREIGN_KEY_CHECKS */;
/*!40014 SET UNIQUE_CHECKS=@OLD_UNIQUE_CHECKS */;
/*!40101 SET CHARACTER_SET_CLIENT=@OLD_CHARACTER_SET_CLIENT */;
/*!40101 SET CHARACTER_SET_RESULTS=@OLD_CHARACTER_SET_RESULTS */;
/*!40101 SET COLLATION_CONNECTION=@OLD_COLLATION_CONNECTION */;
/*!40111 SET SQL_NOTES=@OLD_SQL_NOTES */;